[7;30m🐍 Entorno y PostgreSQL listos.[0m
[7;94m---///---///---///---///---///---///---///---///---///---[0m

La base de datos mydatabase existe. Eliminándola...
[7;30mBase de datos y usuario recreados.[0m
[7;94m---///---///---///---///---///---///---///---///---///---[0m

[7;30m🐍 Entorno y PostgreSQL listos.[0m
[7;94m---///---///---///---///---///---///---///---///---///---[0m

La base de datos mydatabase existe. Eliminándola...
[7;30mBase de datos y usuario recreados.[0m
[7;94m---///---///---///---///---///---///---///---///---///---[0m

[7;30m🐍 Entorno y PostgreSQL listos.[0m
[7;94m---///---///---///---///---///---///---///---///---///---[0m

La base de datos mydatabase existe. Eliminándola...
[7;30mBase de datos y usuario recreados.[0m
[7;94m---///---///---///---///---///---///---///---///---///---[0m

[7;30m🐍 Entorno y PostgreSQL listos.[0m
[7;94m---///---///---///---///---///---///---///---///---///---[0m

La base de datos mydatabase existe. Eliminándola...
[7;30mBase de datos y usuario recreados.[0m
[7;94m---///---///---///---///---///---///---///---///---///---[0m

[7;30m🐍 Entorno y PostgreSQL listos.[0m
[7;94m---///---///---///---///---///---///---///---///---///---[0m

La base de datos mydatabase existe. Eliminándola...
[7;30mBase de datos y usuario recreados.[0m
[7;94m---///---///---///---///---///---///---///---///---///---[0m

[7;30m🐍 Entorno y PostgreSQL listos.[0m
[7;94m---///---///---///---///---///---///---///---///---///---[0m

La base de datos mydatabase existe. Eliminándola...
[7;30mBase de datos y usuario recreados.[0m
[7;94m---///---///---///---///---///---///---///---///---///---[0m

[7;30m🐍 Entorno y PostgreSQL listos.[0m
[7;94m---///---///---///---///---///---///---///---///---///---[0m

La base de datos mydatabase existe. Eliminándola...
[7;30mBase de datos y usuario recreados.[0m
[7;94m---///---///---///---///---///---///---///---///---///---[0m

[7;30m🐍 Entorno y PostgreSQL listos.[0m
[7;94m---///---///---///---///---///---///---///---///---///---[0m

La base de datos mydatabase existe. Eliminándola...
[7;30mBase de datos y usuario recreados.[0m
[7;94m---///---///---///---///---///---///---///---///---///---[0m

[7;30m🐍 Entorno y PostgreSQL listos.[0m
[7;94m---///---///---///---///---///---///---///---///---///---[0m

La base de datos mydatabase existe. Eliminándola...
[7;30mBase de datos y usuario recreados.[0m
[7;94m---///---///---///---///---///---///---///---///---///---[0m

[7;30m🐍 Entorno y PostgreSQL listos.[0m
[7;94m---///---///---///---///---///---///---///---///---///---[0m

La base de datos mydatabase existe. Eliminándola...
[7;30mBase de datos y usuario recreados.[0m
[7;94m---///---///---///---///---///---///---///---///---///---[0m

[7;30m🐍 Entorno y PostgreSQL listos.[0m
[7;94m---///---///---///---///---///---///---///---///---///---[0m

La base de datos mydatabase existe. Eliminándola...
[7;30mBase de datos y usuario recreados.[0m
[7;94m---///---///---///---///---///---///---///---///---///---[0m

[7;30m🐍 Entorno y PostgreSQL listos.[0m
[7;94m---///---///---///---///---///---///---///---///---///---[0m

La base de datos mydatabase existe. Eliminándola...
[7;30mBase de datos y usuario recreados.[0m
[7;94m---///---///---///---///---///---///---///---///---///---[0m

[7;30m🐍 Entorno y PostgreSQL listos.[0m
[7;94m---///---///---///---///---///---///---///---///---///---[0m

La base de datos mydatabase existe. Eliminándola...
[7;30mBase de datos y usuario recreados.[0m
[7;94m---///---///---///---///---///---///---///---///---///---[0m

[7;30m🐍 Entorno y PostgreSQL listos.[0m
[7;94m---///---///---///---///---///---///---///---///---///---[0m

La base de datos mydatabase existe. Eliminándola...
[7;30mBase de datos y usuario recreados.[0m
[7;94m---///---///---///---///---///---///---///---///---///---[0m

[7;30m🐍 Entorno y PostgreSQL listos.[0m
[7;94m---///---///---///---///---///---///---///---///---///---[0m

La base de datos mydatabase existe. Eliminándola...
[7;30mBase de datos y usuario recreados.[0m
[7;94m---///---///---///---///---///---///---///---///---///---[0m

[7;30m🐍 Entorno y PostgreSQL listos.[0m
[7;94m---///---///---///---///---///---///---///---///---///---[0m

La base de datos mydatabase existe. Eliminándola...
[7;30mBase de datos y usuario recreados.[0m
[7;94m---///---///---///---///---///---///---///---///---///---[0m

[7;30m🐍 Entorno y PostgreSQL listos.[0m
[7;94m---///---///---///---///---///---///---///---///---///---[0m

La base de datos mydatabase existe. Eliminándola...
[7;30mBase de datos y usuario recreados.[0m
[7;94m---///---///---///---///---///---///---///---///---///---[0m

[7;30m🐍 Entorno y PostgreSQL listos.[0m
[7;94m---///---///---///---///---///---///---///---///---///---[0m

La base de datos mydatabase existe. Eliminándola...
[7;30mBase de datos y usuario recreados.[0m
[7;94m---///---///---///---///---///---///---///---///---///---[0m

[7;30m🐍 Entorno y PostgreSQL listos.[0m
[7;94m---///---///---///---///---///---///---///---///---///---[0m

La base de datos mydatabase existe. Eliminándola...
[7;30mBase de datos y usuario recreados.[0m
[7;94m---///---///---///---///---///---///---///---///---///---[0m

[7;30m🐍 Entorno y PostgreSQL listos.[0m
[7;94m---///---///---///---///---///---///---///---///---///---[0m

La base de datos mydatabase existe. Eliminándola...
[7;30mBase de datos y usuario recreados.[0m
[7;94m---///---///---///---///---///---///---///---///---///---[0m

[7;30m🐍 Entorno y PostgreSQL listos.[0m
[7;94m---///---///---///---///---///---///---///---///---///---[0m

La base de datos mydatabase existe. Eliminándola...
[7;30mBase de datos y usuario recreados.[0m
[7;94m---///---///---///---///---///---///---///---///---///---[0m

[7;30m🐍 Entorno y PostgreSQL listos.[0m
[7;94m---///---///---///---///---///---///---///---///---///---[0m

La base de datos mydatabase existe. Eliminándola...
[7;30mBase de datos y usuario recreados.[0m
[7;94m---///---///---///---///---///---///---///---///---///---[0m

[7;30m🐍 Entorno y PostgreSQL listos.[0m
[7;94m---///---///---///---///---///---///---///---///---///---[0m

La base de datos mydatabase existe. Eliminándola...
[7;30mBase de datos y usuario recreados.[0m
[7;94m---///---///---///---///---///---///---///---///---///---[0m

[7;30m🐍 Entorno y PostgreSQL listos.[0m
[7;94m---///---///---///---///---///---///---///---///---///---[0m

La base de datos mydatabase existe. Eliminándola...
[7;30mBase de datos y usuario recreados.[0m
[7;94m---///---///---///---///---///---///---///---///---///---[0m

[7;30m🐍 Entorno y PostgreSQL listos.[0m
[7;94m---///---///---///---///---///---///---///---///---///---[0m

La base de datos mydatabase existe. Eliminándola...
[7;30mBase de datos y usuario recreados.[0m
[7;94m---///---///---///---///---///---///---///---///---///---[0m

[7;30m🐍 Entorno y PostgreSQL listos.[0m
[7;94m---///---///---///---///---///---///---///---///---///---[0m

La base de datos mydatabase existe. Eliminándola...
[7;30mBase de datos y usuario recreados.[0m
[7;94m---///---///---///---///---///---///---///---///---///---[0m

[7;30m🐍 Entorno y PostgreSQL listos.[0m
[7;94m---///---///---///---///---///---///---///---///---///---[0m

La base de datos mydatabase existe. Eliminándola...
[7;30mBase de datos y usuario recreados.[0m
[7;94m---///---///---///---///---///---///---///---///---///---[0m

[7;30m🐍 Entorno y PostgreSQL listos.[0m
[7;94m---///---///---///---///---///---///---///---///---///---[0m

La base de datos mydatabase existe. Eliminándola...
[7;30mBase de datos y usuario recreados.[0m
[7;94m---///---///---///---///---///---///---///---///---///---[0m

[7;30m🐍 Entorno y PostgreSQL listos.[0m
[7;94m---///---///---///---///---///---///---///---///---///---[0m

La base de datos mydatabase existe. Eliminándola...
[7;30mBase de datos y usuario recreados.[0m
[7;94m---///---///---///---///---///---///---///---///---///---[0m

[7;30m🐍 Entorno y PostgreSQL listos.[0m
[7;94m---///---///---///---///---///---///---///---///---///---[0m

La base de datos mydatabase existe. Eliminándola...
[7;30mBase de datos y usuario recreados.[0m
[7;94m---///---///---///---///---///---///---///---///---///---[0m

[7;30m🐍 Entorno y PostgreSQL listos.[0m
[7;94m---///---///---///---///---///---///---///---///---///---[0m

La base de datos mydatabase existe. Eliminándola...
[7;30mBase de datos y usuario recreados.[0m
[7;94m---///---///---///---///---///---///---///---///---///---[0m

[7;30m🐍 Entorno y PostgreSQL listos.[0m
[7;94m---///---///---///---///---///---///---///---///---///---[0m

La base de datos mydatabase existe. Eliminándola...
[7;30mBase de datos y usuario recreados.[0m
[7;94m---///---///---///---///---///---///---///---///---///---[0m

[7;30m🐍 Entorno y PostgreSQL listos.[0m
[7;94m---///---///---///---///---///---///---///---///---///---[0m

La base de datos mydatabase existe. Eliminándola...
[7;30mBase de datos y usuario recreados.[0m
[7;94m---///---///---///---///---///---///---///---///---///---[0m

[7;30m🐍 Entorno y PostgreSQL listos.[0m
[7;94m---///---///---///---///---///---///---///---///---///---[0m

La base de datos mydatabase existe. Eliminándola...
[7;30mBase de datos y usuario recreados.[0m
[7;94m---///---///---///---///---///---///---///---///---///---[0m

[7;30m🐍 Entorno y PostgreSQL listos.[0m
[7;94m---///---///---///---///---///---///---///---///---///---[0m

La base de datos mydatabase existe. Eliminándola...
[7;30mBase de datos y usuario recreados.[0m
[7;94m---///---///---///---///---///---///---///---///---///---[0m

[7;30m🐍 Entorno y PostgreSQL listos.[0m
[7;94m---///---///---///---///---///---///---///---///---///---[0m

La base de datos mydatabase existe. Eliminándola...
[7;30mBase de datos y usuario recreados.[0m
[7;94m---///---///---///---///---///---///---///---///---///---[0m

[7;30m🐍 Entorno y PostgreSQL listos.[0m
[7;94m---///---///---///---///---///---///---///---///---///---[0m

La base de datos mydatabase existe. Eliminándola...
[7;30mBase de datos y usuario recreados.[0m
[7;94m---///---///---///---///---///---///---///---///---///---[0m

[7;30m🐍 Entorno y PostgreSQL listos.[0m
[7;94m---///---///---///---///---///---///---///---///---///---[0m

La base de datos mydatabase existe. Eliminándola...
[7;30mBase de datos y usuario recreados.[0m
[7;94m---///---///---///---///---///---///---///---///---///---[0m

[7;30m🐍 Entorno y PostgreSQL listos.[0m
[7;94m---///---///---///---///---///---///---///---///---///---[0m

La base de datos mydatabase existe. Eliminándola...
[7;30mBase de datos y usuario recreados.[0m
[7;94m---///---///---///---///---///---///---///---///---///---[0m

[7;30m🐍 Entorno y PostgreSQL listos.[0m
[7;94m---///---///---///---///---///---///---///---///---///---[0m

La base de datos mydatabase existe. Eliminándola...
[7;30mBase de datos y usuario recreados.[0m
[7;94m---///---///---///---///---///---///---///---///---///---[0m

[7;30m🐍 Entorno y PostgreSQL listos.[0m
[7;94m---///---///---///---///---///---///---///---///---///---[0m

La base de datos mydatabase existe. Eliminándola...
[7;30mBase de datos y usuario recreados.[0m
[7;94m---///---///---///---///---///---///---///---///---///---[0m

[7;30m🐍 Entorno y PostgreSQL listos.[0m
[7;94m---///---///---///---///---///---///---///---///---///---[0m

La base de datos mydatabase existe. Eliminándola...
[7;30mBase de datos y usuario recreados.[0m
[7;94m---///---///---///---///---///---///---///---///---///---[0m

[7;30m🐍 Entorno y PostgreSQL listos.[0m
[7;94m---///---///---///---///---///---///---///---///---///---[0m

La base de datos mydatabase existe. Eliminándola...
[7;30mBase de datos y usuario recreados.[0m
[7;94m---///---///---///---///---///---///---///---///---///---[0m

[7;30m🐍 Entorno y PostgreSQL listos.[0m
[7;94m---///---///---///---///---///---///---///---///---///---[0m

La base de datos mydatabase existe. Eliminándola...
[7;30mBase de datos y usuario recreados.[0m
[7;94m---///---///---///---///---///---///---///---///---///---[0m

[7;30m🐍 Entorno y PostgreSQL listos.[0m
[7;94m---///---///---///---///---///---///---///---///---///---[0m

La base de datos mydatabase existe. Eliminándola...
[7;30mBase de datos y usuario recreados.[0m
[7;94m---///---///---///---///---///---///---///---///---///---[0m

[7;30m🐍 Entorno y PostgreSQL listos.[0m
[7;94m---///---///---///---///---///---///---///---///---///---[0m

La base de datos mydatabase existe. Eliminándola...
[7;30mBase de datos y usuario recreados.[0m
[7;94m---///---///---///---///---///---///---///---///---///---[0m

[7;30m🐍 Entorno y PostgreSQL listos.[0m
[7;94m---///---///---///---///---///---///---///---///---///---[0m

La base de datos mydatabase existe. Eliminándola...
[7;30mBase de datos y usuario recreados.[0m
[7;94m---///---///---///---///---///---///---///---///---///---[0m

[7;30m🐍 Entorno y PostgreSQL listos.[0m
[7;94m---///---///---///---///---///---///---///---///---///---[0m

La base de datos mydatabase existe. Eliminándola...
[7;30mBase de datos y usuario recreados.[0m
[7;94m---///---///---///---///---///---///---///---///---///---[0m

[7;30m🐍 Entorno y PostgreSQL listos.[0m
[7;94m---///---///---///---///---///---///---///---///---///---[0m

La base de datos mydatabase existe. Eliminándola...
[7;30mBase de datos y usuario recreados.[0m
[7;94m---///---///---///---///---///---///---///---///---///---[0m

[7;30m🐍 Entorno y PostgreSQL listos.[0m
[7;94m---///---///---///---///---///---///---///---///---///---[0m

La base de datos mydatabase existe. Eliminándola...
[7;30mBase de datos y usuario recreados.[0m
[7;94m---///---///---///---///---///---///---///---///---///---[0m

[7;30m🐍 Entorno y PostgreSQL listos.[0m
[7;94m---///---///---///---///---///---///---///---///---///---[0m

La base de datos mydatabase existe. Eliminándola...
[7;30mBase de datos y usuario recreados.[0m
[7;94m---///---///---///---///---///---///---///---///---///---[0m

[7;30m🐍 Entorno y PostgreSQL listos.[0m
[7;94m---///---///---///---///---///---///---///---///---///---[0m

La base de datos mydatabase existe. Eliminándola...
[7;30mBase de datos y usuario recreados.[0m
[7;94m---///---///---///---///---///---///---///---///---///---[0m

[7;30m🐍 Entorno y PostgreSQL listos.[0m
[7;94m---///---///---///---///---///---///---///---///---///---[0m

La base de datos mydatabase existe. Eliminándola...
[7;30mBase de datos y usuario recreados.[0m
[7;94m---///---///---///---///---///---///---///---///---///---[0m

[7;30m🐍 Entorno y PostgreSQL listos.[0m
[7;94m---///---///---///---///---///---///---///---///---///---[0m

La base de datos mydatabase existe. Eliminándola...
[7;30mBase de datos y usuario recreados.[0m
[7;94m---///---///---///---///---///---///---///---///---///---[0m

[7;30m🐍 Entorno y PostgreSQL listos.[0m
[7;94m---///---///---///---///---///---///---///---///---///---[0m

La base de datos mydatabase existe. Eliminándola...
[7;30mBase de datos y usuario recreados.[0m
[7;94m---///---///---///---///---///---///---///---///---///---[0m

[7;30m🐍 Entorno y PostgreSQL listos.[0m
[7;94m---///---///---///---///---///---///---///---///---///---[0m

La base de datos mydatabase existe. Eliminándola...
[7;30mBase de datos y usuario recreados.[0m
[7;94m---///---///---///---///---///---///---///---///---///---[0m

[7;30m🐍 Entorno y PostgreSQL listos.[0m
[7;94m---///---///---///---///---///---///---///---///---///---[0m

La base de datos mydatabase existe. Eliminándola...
[7;30mBase de datos y usuario recreados.[0m
[7;94m---///---///---///---///---///---///---///---///---///---[0m

[7;30m🐍 Entorno y PostgreSQL listos.[0m
[7;94m---///---///---///---///---///---///---///---///---///---[0m

La base de datos mydatabase existe. Eliminándola...
[7;30mBase de datos y usuario recreados.[0m
[7;94m---///---///---///---///---///---///---///---///---///---[0m

[7;30m🐍 Entorno y PostgreSQL listos.[0m
[7;94m---///---///---///---///---///---///---///---///---///---[0m

La base de datos mydatabase existe. Eliminándola...
[7;30mBase de datos y usuario recreados.[0m
[7;94m---///---///---///---///---///---///---///---///---///---[0m

[7;30m🐍 Entorno y PostgreSQL listos.[0m
[7;94m---///---///---///---///---///---///---///---///---///---[0m

La base de datos mydatabase existe. Eliminándola...
[7;30mBase de datos y usuario recreados.[0m
[7;94m---///---///---///---///---///---///---///---///---///---[0m

[7;30m🐍 Entorno y PostgreSQL listos.[0m
[7;94m---///---///---///---///---///---///---///---///---///---[0m

La base de datos mydatabase existe. Eliminándola...
[7;30mBase de datos y usuario recreados.[0m
[7;94m---///---///---///---///---///---///---///---///---///---[0m

[7;30m🐍 Entorno y PostgreSQL listos.[0m
[7;94m---///---///---///---///---///---///---///---///---///---[0m

La base de datos mydatabase existe. Eliminándola...
[7;30mBase de datos y usuario recreados.[0m
[7;94m---///---///---///---///---///---///---///---///---///---[0m

[7;30m🐍 Entorno y PostgreSQL listos.[0m
[7;94m---///---///---///---///---///---///---///---///---///---[0m

La base de datos mydatabase existe. Eliminándola...
[7;30mBase de datos y usuario recreados.[0m
[7;94m---///---///---///---///---///---///---///---///---///---[0m

[7;30m🐍 Entorno y PostgreSQL listos.[0m
[7;94m---///---///---///---///---///---///---///---///---///---[0m

La base de datos mydatabase existe. Eliminándola...
[7;30mBase de datos y usuario recreados.[0m
[7;94m---///---///---///---///---///---///---///---///---///---[0m

[7;30m🐍 Entorno y PostgreSQL listos.[0m
[7;94m---///---///---///---///---///---///---///---///---///---[0m

La base de datos mydatabase existe. Eliminándola...
[7;30mBase de datos y usuario recreados.[0m
[7;94m---///---///---///---///---///---///---///---///---///---[0m

[7;30m🐍 Entorno y PostgreSQL listos.[0m
[7;94m---///---///---///---///---///---///---///---///---///---[0m

La base de datos mydatabase existe. Eliminándola...
[7;30mBase de datos y usuario recreados.[0m
[7;94m---///---///---///---///---///---///---///---///---///---[0m

[7;30m🐍 Entorno y PostgreSQL listos.[0m
[7;94m---///---///---///---///---///---///---///---///---///---[0m

La base de datos mydatabase existe. Eliminándola...
[7;30mBase de datos y usuario recreados.[0m
[7;94m---///---///---///---///---///---///---///---///---///---[0m

[7;30m🐍 Entorno y PostgreSQL listos.[0m
[7;94m---///---///---///---///---///---///---///---///---///---[0m

La base de datos mydatabase existe. Eliminándola...
[7;30mBase de datos y usuario recreados.[0m
[7;94m---///---///---///---///---///---///---///---///---///---[0m

[7;30m🐍 Entorno y PostgreSQL listos.[0m
[7;94m---///---///---///---///---///---///---///---///---///---[0m

La base de datos mydatabase existe. Eliminándola...
[7;30mBase de datos y usuario recreados.[0m
[7;94m---///---///---///---///---///---///---///---///---///---[0m

[7;30m🐍 Entorno y PostgreSQL listos.[0m
[7;94m---///---///---///---///---///---///---///---///---///---[0m

La base de datos mydatabase existe. Eliminándola...
[7;30mBase de datos y usuario recreados.[0m
[7;94m---///---///---///---///---///---///---///---///---///---[0m

[7;30m🐍 Entorno y PostgreSQL listos.[0m
[7;94m---///---///---///---///---///---///---///---///---///---[0m

La base de datos mydatabase existe. Eliminándola...
[7;30mBase de datos y usuario recreados.[0m
[7;94m---///---///---///---///---///---///---///---///---///---[0m

[7;30m🐍 Entorno y PostgreSQL listos.[0m
[7;94m---///---///---///---///---///---///---///---///---///---[0m

La base de datos mydatabase existe. Eliminándola...
[7;30mBase de datos y usuario recreados.[0m
[7;94m---///---///---///---///---///---///---///---///---///---[0m

[7;30m🐍 Entorno y PostgreSQL listos.[0m
[7;94m---///---///---///---///---///---///---///---///---///---[0m

La base de datos mydatabase existe. Eliminándola...
[7;30mBase de datos y usuario recreados.[0m
[7;94m---///---///---///---///---///---///---///---///---///---[0m

[7;30m🐍 Entorno y PostgreSQL listos.[0m
[7;94m---///---///---///---///---///---///---///---///---///---[0m

La base de datos mydatabase existe. Eliminándola...
[7;30mBase de datos y usuario recreados.[0m
[7;94m---///---///---///---///---///---///---///---///---///---[0m

[7;30m🐍 Entorno y PostgreSQL listos.[0m
[7;94m---///---///---///---///---///---///---///---///---///---[0m

La base de datos mydatabase existe. Eliminándola...
[7;30mBase de datos y usuario recreados.[0m
[7;94m---///---///---///---///---///---///---///---///---///---[0m

[7;30m🐍 Entorno y PostgreSQL listos.[0m
[7;94m---///---///---///---///---///---///---///---///---///---[0m

La base de datos mydatabase existe. Eliminándola...
[7;30mBase de datos y usuario recreados.[0m
[7;94m---///---///---///---///---///---///---///---///---///---[0m

[7;30m🐍 Entorno y PostgreSQL listos.[0m
[7;94m---///---///---///---///---///---///---///---///---///---[0m

La base de datos mydatabase existe. Eliminándola...
[7;30mBase de datos y usuario recreados.[0m
[7;94m---///---///---///---///---///---///---///---///---///---[0m

[7;30m🐍 Entorno y PostgreSQL listos.[0m
[7;94m---///---///---///---///---///---///---///---///---///---[0m

La base de datos mydatabase existe. Eliminándola...
[7;30mBase de datos y usuario recreados.[0m
[7;94m---///---///---///---///---///---///---///---///---///---[0m

[7;30m🐍 Entorno y PostgreSQL listos.[0m
[7;94m---///---///---///---///---///---///---///---///---///---[0m

La base de datos mydatabase existe. Eliminándola...
[7;30mBase de datos y usuario recreados.[0m
[7;94m---///---///---///---///---///---///---///---///---///---[0m

[7;30m🐍 Entorno y PostgreSQL listos.[0m
[7;94m---///---///---///---///---///---///---///---///---///---[0m

La base de datos mydatabase existe. Eliminándola...
[7;30mBase de datos y usuario recreados.[0m
[7;94m---///---///---///---///---///---///---///---///---///---[0m

[7;30m🐍 Entorno y PostgreSQL listos.[0m
[7;94m---///---///---///---///---///---///---///---///---///---[0m

La base de datos mydatabase existe. Eliminándola...
[7;30mBase de datos y usuario recreados.[0m
[7;94m---///---///---///---///---///---///---///---///---///---[0m

[7;30m🐍 Entorno y PostgreSQL listos.[0m
[7;94m---///---///---///---///---///---///---///---///---///---[0m

La base de datos mydatabase existe. Eliminándola...
[7;30mBase de datos y usuario recreados.[0m
[7;94m---///---///---///---///---///---///---///---///---///---[0m

[7;30m🐍 Entorno y PostgreSQL listos.[0m
[7;94m---///---///---///---///---///---///---///---///---///---[0m

La base de datos mydatabase existe. Eliminándola...
[7;30mBase de datos y usuario recreados.[0m
[7;94m---///---///---///---///---///---///---///---///---///---[0m

[7;30m🐍 Entorno y PostgreSQL listos.[0m
[7;94m---///---///---///---///---///---///---///---///---///---[0m

La base de datos mydatabase existe. Eliminándola...
[7;30mBase de datos y usuario recreados.[0m
[7;94m---///---///---///---///---///---///---///---///---///---[0m

[7;30m🐍 Entorno y PostgreSQL listos.[0m
[7;94m---///---///---///---///---///---///---///---///---///---[0m

La base de datos mydatabase existe. Eliminándola...
[7;30mBase de datos y usuario recreados.[0m
[7;94m---///---///---///---///---///---///---///---///---///---[0m

[7;30m🐍 Entorno y PostgreSQL listos.[0m
[7;94m---///---///---///---///---///---///---///---///---///---[0m

La base de datos mydatabase existe. Eliminándola...
[7;30mBase de datos y usuario recreados.[0m
[7;94m---///---///---///---///---///---///---///---///---///---[0m

[7;30m🐍 Entorno y PostgreSQL listos.[0m
[7;94m---///---///---///---///---///---///---///---///---///---[0m

La base de datos mydatabase existe. Eliminándola...
[7;30mBase de datos y usuario recreados.[0m
[7;94m---///---///---///---///---///---///---///---///---///---[0m

[7;30m🐍 Entorno y PostgreSQL listos.[0m
[7;94m---///---///---///---///---///---///---///---///---///---[0m

La base de datos mydatabase existe. Eliminándola...
[7;30mBase de datos y usuario recreados.[0m
[7;94m---///---///---///---///---///---///---///---///---///---[0m

[7;30m🐍 Entorno y PostgreSQL listos.[0m
[7;94m---///---///---///---///---///---///---///---///---///---[0m

La base de datos mydatabase existe. Eliminándola...
[7;30mBase de datos y usuario recreados.[0m
[7;94m---///---///---///---///---///---///---///---///---///---[0m

[7;30m🐍 Entorno y PostgreSQL listos.[0m
[7;94m---///---///---///---///---///---///---///---///---///---[0m

La base de datos mydatabase existe. Eliminándola...
[7;30mBase de datos y usuario recreados.[0m
[7;94m---///---///---///---///---///---///---///---///---///---[0m

[7;30m🐍 Entorno y PostgreSQL listos.[0m
[7;94m---///---///---///---///---///---///---///---///---///---[0m

La base de datos mydatabase existe. Eliminándola...
[7;30mBase de datos y usuario recreados.[0m
[7;94m---///---///---///---///---///---///---///---///---///---[0m

[7;30m🐍 Entorno y PostgreSQL listos.[0m
[7;94m---///---///---///---///---///---///---///---///---///---[0m

La base de datos mydatabase existe. Eliminándola...
[7;30mBase de datos y usuario recreados.[0m
[7;94m---///---///---///---///---///---///---///---///---///---[0m

[7;30m🐍 Entorno y PostgreSQL listos.[0m
[7;94m---///---///---///---///---///---///---///---///---///---[0m

La base de datos mydatabase existe. Eliminándola...
[7;30mBase de datos y usuario recreados.[0m
[7;94m---///---///---///---///---///---///---///---///---///---[0m

[7;30m🐍 Entorno y PostgreSQL listos.[0m
[7;94m---///---///---///---///---///---///---///---///---///---[0m

La base de datos mydatabase existe. Eliminándola...
[7;30mBase de datos y usuario recreados.[0m
[7;94m---///---///---///---///---///---///---///---///---///---[0m

[7;30m🐍 Entorno y PostgreSQL listos.[0m
[7;94m---///---///---///---///---///---///---///---///---///---[0m

La base de datos mydatabase existe. Eliminándola...
[7;30mBase de datos y usuario recreados.[0m
[7;94m---///---///---///---///---///---///---///---///---///---[0m

[7;30m🐍 Entorno y PostgreSQL listos.[0m
[7;94m---///---///---///---///---///---///---///---///---///---[0m

La base de datos mydatabase existe. Eliminándola...
[7;30mBase de datos y usuario recreados.[0m
[7;94m---///---///---///---///---///---///---///---///---///---[0m

[7;30m🐍 Entorno y PostgreSQL listos.[0m
[7;94m---///---///---///---///---///---///---///---///---///---[0m

La base de datos mydatabase existe. Eliminándola...
[7;30mBase de datos y usuario recreados.[0m
[7;94m---///---///---///---///---///---///---///---///---///---[0m

[7;30m🐍 Entorno y PostgreSQL listos.[0m
[7;94m---///---///---///---///---///---///---///---///---///---[0m

La base de datos mydatabase existe. Eliminándola...
[7;30mBase de datos y usuario recreados.[0m
[7;94m---///---///---///---///---///---///---///---///---///---[0m


📅 Fecha de ejecución: 2025-06-07 07:55:34
📄 Script: 00_07_postgres.sh
═══════════════════════════════════════════
📦 Instalando dependencias...
🔍 Verificando PostgreSQL...
[7;30m✅ Entorno y PostgreSQL listos.[0m
⚠️ Borrando base de datos existente: mydatabase
[7;30m✅ Base de datos y usuario listos.[0m

📅 Fecha de ejecución: 2025-06-07 08:12:25
📄 Script: 00_07_postgres.sh
═══════════════════════════════════════════
📦 Instalando dependencias...
🔍 Verificando PostgreSQL...
[7;30m✅ Entorno y PostgreSQL listos.[0m
⚠️ Borrando base de datos existente: mydatabase
[7;30m✅ Base de datos y usuario listos.[0m

📅 Fecha de ejecución: 2025-06-07 08:21:41
📄 Script: 00_07_postgres.sh
═══════════════════════════════════════════
📦 Instalando dependencias...
🔍 Verificando PostgreSQL...
[7;30m✅ Entorno y PostgreSQL listos.[0m
⚠️ Borrando base de datos existente: mydatabase
[7;30m✅ Base de datos y usuario listos.[0m

📅 Fecha de ejecución: 2025-06-07 08:24:21
📄 Script: 00_07_postgres.sh
═══════════════════════════════════════════
📦 Instalando dependencias...
🔍 Verificando PostgreSQL...
[7;30m✅ Entorno y PostgreSQL listos.[0m
⚠️ Borrando base de datos existente: mydatabase
[7;30m✅ Base de datos y usuario listos.[0m

📅 Fecha de ejecución: 2025-06-07 08:28:14
📄 Script: 00_07_postgres.sh
═══════════════════════════════════════════
📦 Instalando dependencias...
🔍 Verificando PostgreSQL...
[7;30m✅ Entorno y PostgreSQL listos.[0m
⚠️ Borrando base de datos existente: mydatabase
[7;30m✅ Base de datos y usuario listos.[0m

📅 Fecha de ejecución: 2025-06-07 15:47:49
📄 Script: 00_07_postgres.sh
═══════════════════════════════════════════
🔍 Verificando PostgreSQL...
📦 Instalando dependencias...
⚠️ Borrando base de datos existente: mydatabase
[7;30m✅ Base de datos y usuario listos.[0m

📅 Fecha de ejecución: 2025-06-08 03:25:56
📄 Script: 00_07_postgres.sh
═══════════════════════════════════════════
🔍 Verificando PostgreSQL...
📦 Instalando dependencias...
⚠️ Borrando base de datos existente: mydatabase
[7;30m✅ Base de datos y usuario listos.[0m

📅 Fecha de ejecución: 2025-06-08 05:09:43
📄 Script: 00_07_postgres.sh
═══════════════════════════════════════════
🔍 Verificando PostgreSQL...
📦 Instalando dependencias...
⚠️ Borrando base de datos existente: mydatabase
[7;30m✅ Base de datos y usuario listos.[0m

📅 Fecha de ejecución: 2025-06-08 05:14:15
📄 Script: 00_07_postgres.sh
═══════════════════════════════════════════
🔍 Verificando PostgreSQL...
📦 Instalando dependencias...
⚠️ Borrando base de datos existente: mydatabase
[7;30m✅ Base de datos y usuario listos.[0m

📅 Fecha de ejecución: 2025-06-08 05:17:20
📄 Script: 00_07_postgres.sh
═══════════════════════════════════════════
🔍 Verificando PostgreSQL...
📦 Instalando dependencias...
⚠️ Borrando base de datos existente: mydatabase
[7;30m✅ Base de datos y usuario listos.[0m

📅 Fecha de ejecución: 2025-06-08 05:24:24
📄 Script: 00_07_postgres.sh
═══════════════════════════════════════════
🔍 Verificando PostgreSQL...
📦 Instalando dependencias...
⚠️ Borrando base de datos existente: mydatabase
[7;30m✅ Base de datos y usuario listos.[0m

📅 Fecha de ejecución: 2025-06-08 05:25:42
📄 Script: 00_07_postgres.sh
═══════════════════════════════════════════
🔍 Verificando PostgreSQL...
📦 Instalando dependencias...
⚠️ Borrando base de datos existente: mydatabase
[7;30m✅ Base de datos y usuario listos.[0m

📅 Fecha de ejecución: 2025-06-08 05:26:51
📄 Script: 00_07_postgres.sh
═══════════════════════════════════════════
🔍 Verificando PostgreSQL...
📦 Instalando dependencias...
⚠️ Borrando base de datos existente: mydatabase
[7;30m✅ Base de datos y usuario listos.[0m

📅 Fecha de ejecución: 2025-06-08 09:52:44
📄 Script: 00_07_postgres.sh
═══════════════════════════════════════════
🔍 Verificando PostgreSQL...
📦 Instalando dependencias...
⚠️ Borrando base de datos existente: mydatabase
[7;30m✅ Base de datos y usuario listos.[0m

📅 Fecha de ejecución: 2025-06-08 10:19:09
📄 Script: 00_07_postgres.sh
═══════════════════════════════════════════
🔍 Verificando PostgreSQL...
📦 Instalando dependencias...
⚠️ Borrando base de datos existente: mydatabase
[7;30m✅ Base de datos y usuario listos.[0m

📅 Fecha de ejecución: 2025-06-08 16:20:42
📄 Script: 00_07_postgres.sh
═══════════════════════════════════════════
🔍 Verificando PostgreSQL...
📦 Instalando dependencias...
⚠️ Borrando base de datos existente: mydatabase
[7;30m✅ Base de datos y usuario listos.[0m

📅 Fecha de ejecución: 2025-06-08 16:25:55
📄 Script: 00_07_postgres.sh
═══════════════════════════════════════════
🔍 Verificando PostgreSQL...
📦 Instalando dependencias...
⚠️ Borrando base de datos existente: mydatabase
[7;30m✅ Base de datos y usuario listos.[0m

📅 Fecha de ejecución: 2025-06-08 16:34:51
📄 Script: 00_07_postgres.sh
═══════════════════════════════════════════
🔍 Verificando PostgreSQL...
📦 Instalando dependencias...
⚠️ Borrando base de datos existente: mydatabase
[7;30m✅ Base de datos y usuario listos.[0m

📅 Fecha de ejecución: 2025-06-09 03:05:57
📄 Script: 00_07_postgres.sh
═══════════════════════════════════════════
🔍 Verificando PostgreSQL...
📦 Instalando dependencias...
⚠️ Borrando base de datos existente: mydatabase
[7;30m✅ Base de datos y usuario listos.[0m

📅 Fecha de ejecución: 2025-06-09 04:46:55
📄 Script: 00_07_postgres.sh
═══════════════════════════════════════════
🔍 Verificando PostgreSQL...
📦 Instalando dependencias...
⚠️ Borrando base de datos existente: mydatabase
[7;30m✅ Base de datos y usuario listos.[0m

📅 Fecha de ejecución: 2025-06-09 05:01:06
📄 Script: 00_07_postgres.sh
═══════════════════════════════════════════
🔍 Verificando PostgreSQL...
📦 Instalando dependencias...
⚠️ Borrando base de datos existente: mydatabase
[7;30m✅ Base de datos y usuario listos.[0m

📅 Fecha de ejecución: 2025-06-09 05:17:34
📄 Script: 00_07_postgres.sh
═══════════════════════════════════════════
🔍 Verificando PostgreSQL...
📦 Instalando dependencias...
⚠️ Borrando base de datos existente: mydatabase
[7;30m✅ Base de datos y usuario listos.[0m

📅 Fecha de ejecución: 2025-06-09 09:26:42
📄 Script: 00_07_postgres.sh
═══════════════════════════════════════════
🔍 Verificando PostgreSQL...
📦 Instalando dependencias...
⚠️ Borrando base de datos existente: mydatabase
[7;30m✅ Base de datos y usuario listos.[0m

📅 Fecha de ejecución: 2025-06-09 10:58:13
📄 Script: 00_07_postgres.sh
═══════════════════════════════════════════
🔍 Verificando PostgreSQL...
📦 Instalando dependencias...
⚠️ Borrando base de datos existente: mydatabase
[7;30m✅ Base de datos y usuario listos.[0m

📅 Fecha de ejecución: 2025-06-09 11:55:10
📄 Script: 00_07_postgres.sh
═══════════════════════════════════════════
🔍 Verificando PostgreSQL...
📦 Instalando dependencias...
⚠️ Borrando base de datos existente: mydatabase
[7;30m✅ Base de datos y usuario listos.[0m

📅 Fecha de ejecución: 2025-06-09 12:37:13
📄 Script: 00_07_postgres.sh
═══════════════════════════════════════════
🔍 Verificando PostgreSQL...
📦 Instalando dependencias...
⚠️ Borrando base de datos existente: mydatabase
[7;30m✅ Base de datos y usuario listos.[0m

📅 Fecha de ejecución: 2025-06-09 12:47:14
📄 Script: 00_07_postgres.sh
═══════════════════════════════════════════
🔍 Verificando PostgreSQL...
📦 Instalando dependencias...
⚠️ Borrando base de datos existente: mydatabase
[7;30m✅ Base de datos y usuario listos.[0m

📅 Fecha de ejecución: 2025-06-09 13:01:14
📄 Script: 00_07_postgres.sh
═══════════════════════════════════════════
🔍 Verificando PostgreSQL...
📦 Instalando dependencias...
⚠️ Borrando base de datos existente: mydatabase
[7;30m✅ Base de datos y usuario listos.[0m

📅 Fecha de ejecución: 2025-06-09 13:54:31
📄 Script: 00_07_postgres.sh
═══════════════════════════════════════════
🔍 Verificando PostgreSQL...
📦 Instalando dependencias...
⚠️ Borrando base de datos existente: mydatabase
[7;30m✅ Base de datos y usuario listos.[0m

📅 Fecha de ejecución: 2025-06-09 14:06:58
📄 Script: 00_07_postgres.sh
═══════════════════════════════════════════
🔍 Verificando PostgreSQL...
📦 Instalando dependencias...
⚠️ Borrando base de datos existente: mydatabase
[7;30m✅ Base de datos y usuario listos.[0m

📅 Fecha de ejecución: 2025-06-09 14:27:56
📄 Script: 00_07_postgres.sh
═══════════════════════════════════════════
🔍 Verificando PostgreSQL...
📦 Instalando dependencias...
⚠️ Borrando base de datos existente: mydatabase
[7;30m✅ Base de datos y usuario listos.[0m

📅 Fecha de ejecución: 2025-06-09 15:03:20
📄 Script: 00_07_postgres.sh
═══════════════════════════════════════════
🔍 Verificando PostgreSQL...
📦 Instalando dependencias...
⚠️ Borrando base de datos existente: mydatabase
[7;30m✅ Base de datos y usuario listos.[0m

📅 Fecha de ejecución: 2025-06-10 04:15:43
📄 Script: 00_07_postgres.sh
═══════════════════════════════════════════
🔍 Verificando PostgreSQL...
📦 Instalando dependencias...
⚠️ Borrando base de datos existente: mydatabase
[7;30m✅ Base de datos y usuario listos.[0m

📅 Fecha de ejecución: 2025-06-10 04:42:29
📄 Script: 00_07_postgres.sh
═══════════════════════════════════════════
🔍 Verificando PostgreSQL...
📦 Instalando dependencias...
⚠️ Borrando base de datos existente: mydatabase
[7;30m✅ Base de datos y usuario listos.[0m

📅 Fecha de ejecución: 2025-06-10 05:28:38
📄 Script: 00_07_postgres.sh
═══════════════════════════════════════════
🔍 Verificando PostgreSQL...
📦 Instalando dependencias...
⚠️ Borrando base de datos existente: mydatabase
[7;30m✅ Base de datos y usuario listos.[0m

📅 Fecha de ejecución: 2025-06-10 05:41:15
📄 Script: 00_07_postgres.sh
═══════════════════════════════════════════
🔍 Verificando PostgreSQL...
📦 Instalando dependencias...
⚠️ Borrando base de datos existente: mydatabase
[7;30m✅ Base de datos y usuario listos.[0m

📅 Fecha de ejecución: 2025-06-10 05:48:41
📄 Script: 00_07_postgres.sh
═══════════════════════════════════════════
🔍 Verificando PostgreSQL...
📦 Instalando dependencias...
⚠️ Borrando base de datos existente: mydatabase
[7;30m✅ Base de datos y usuario listos.[0m

📅 Fecha de ejecución: 2025-06-10 06:07:12
📄 Script: 00_07_postgres.sh
═══════════════════════════════════════════
🔍 Verificando PostgreSQL...
📦 Instalando dependencias...
⚠️ Borrando base de datos existente: mydatabase
[7;30m✅ Base de datos y usuario listos.[0m

📅 Fecha de ejecución: 2025-06-10 06:27:47
📄 Script: 00_07_postgres.sh
═══════════════════════════════════════════
🔍 Verificando PostgreSQL...
📦 Instalando dependencias...
⚠️ Borrando base de datos existente: mydatabase
[7;30m✅ Base de datos y usuario listos.[0m

📅 Fecha de ejecución: 2025-06-10 06:39:56
📄 Script: 00_07_postgres.sh
═══════════════════════════════════════════
🔍 Verificando PostgreSQL...
📦 Instalando dependencias...
⚠️ Borrando base de datos existente: mydatabase
[7;30m✅ Base de datos y usuario listos.[0m

📅 Fecha de ejecución: 2025-06-10 06:45:44
📄 Script: 00_07_postgres.sh
═══════════════════════════════════════════
🔍 Verificando PostgreSQL...
📦 Instalando dependencias...
⚠️ Borrando base de datos existente: mydatabase
[7;30m✅ Base de datos y usuario listos.[0m

📅 Fecha de ejecución: 2025-06-10 06:47:42
📄 Script: 00_07_postgres.sh
═══════════════════════════════════════════
🔍 Verificando PostgreSQL...
📦 Instalando dependencias...
⚠️ Borrando base de datos existente: mydatabase
[7;30m✅ Base de datos y usuario listos.[0m

📅 Fecha de ejecución: 2025-06-10 06:49:50
📄 Script: 00_07_postgres.sh
═══════════════════════════════════════════
🔍 Verificando PostgreSQL...
📦 Instalando dependencias...
⚠️ Borrando base de datos existente: mydatabase
[7;30m✅ Base de datos y usuario listos.[0m

📅 Fecha de ejecución: 2025-06-10 06:53:18
📄 Script: 00_07_postgres.sh
═══════════════════════════════════════════
🔍 Verificando PostgreSQL...
📦 Instalando dependencias...
⚠️ Borrando base de datos existente: mydatabase
[7;30m✅ Base de datos y usuario listos.[0m

📅 Fecha de ejecución: 2025-06-10 07:00:49
📄 Script: 00_07_postgres.sh
═══════════════════════════════════════════
🔍 Verificando PostgreSQL...
📦 Instalando dependencias...
⚠️ Borrando base de datos existente: mydatabase
[7;30m✅ Base de datos y usuario listos.[0m

📅 Fecha de ejecución: 2025-06-10 07:10:58
📄 Script: 00_07_postgres.sh
═══════════════════════════════════════════
🔍 Verificando PostgreSQL...
📦 Instalando dependencias...
⚠️ Borrando base de datos existente: mydatabase
[7;30m✅ Base de datos y usuario listos.[0m

📅 Fecha de ejecución: 2025-06-10 07:13:04
📄 Script: 00_07_postgres.sh
═══════════════════════════════════════════
🔍 Verificando PostgreSQL...
📦 Instalando dependencias...
⚠️ Borrando base de datos existente: mydatabase
[7;30m✅ Base de datos y usuario listos.[0m

📅 Fecha de ejecución: 2025-06-10 08:03:56
📄 Script: 00_07_postgres.sh
═══════════════════════════════════════════
🔍 Verificando PostgreSQL...
📦 Instalando dependencias...
⚠️ Borrando base de datos existente: mydatabase
[7;30m✅ Base de datos y usuario listos.[0m

📅 Fecha de ejecución: 2025-06-10 08:13:58
📄 Script: 00_07_postgres.sh
═══════════════════════════════════════════
🔍 Verificando PostgreSQL...
📦 Instalando dependencias...
⚠️ Borrando base de datos existente: mydatabase
[7;30m✅ Base de datos y usuario listos.[0m

📅 Fecha de ejecución: 2025-06-10 09:08:09
📄 Script: 00_07_postgres.sh
═══════════════════════════════════════════
🔍 Verificando PostgreSQL...
📦 Instalando dependencias...
⚠️ Borrando base de datos existente: mydatabase
[7;30m✅ Base de datos y usuario listos.[0m

📅 Fecha de ejecución: 2025-06-10 09:12:39
📄 Script: 00_07_postgres.sh
═══════════════════════════════════════════
🔍 Verificando PostgreSQL...
📦 Instalando dependencias...
⚠️ Borrando base de datos existente: mydatabase
[7;30m✅ Base de datos y usuario listos.[0m

📅 Fecha de ejecución: 2025-06-10 09:14:44
📄 Script: 00_07_postgres.sh
═══════════════════════════════════════════
🔍 Verificando PostgreSQL...
📦 Instalando dependencias...
⚠️ Borrando base de datos existente: mydatabase
[7;30m✅ Base de datos y usuario listos.[0m

📅 Fecha de ejecución: 2025-06-10 09:18:19
📄 Script: 00_07_postgres.sh
═══════════════════════════════════════════
🔍 Verificando PostgreSQL...
📦 Instalando dependencias...
⚠️ Borrando base de datos existente: mydatabase
[7;30m✅ Base de datos y usuario listos.[0m

📅 Fecha de ejecución: 2025-06-10 09:21:38
📄 Script: 00_07_postgres.sh
═══════════════════════════════════════════
🔍 Verificando PostgreSQL...
📦 Instalando dependencias...
⚠️ Borrando base de datos existente: mydatabase
[7;30m✅ Base de datos y usuario listos.[0m

📅 Fecha de ejecución: 2025-06-10 09:36:23
📄 Script: 00_07_postgres.sh
═══════════════════════════════════════════
🔍 Verificando PostgreSQL...
📦 Instalando dependencias...
⚠️ Borrando base de datos existente: mydatabase
[7;30m✅ Base de datos y usuario listos.[0m

📅 Fecha de ejecución: 2025-06-10 09:38:55
📄 Script: 00_07_postgres.sh
═══════════════════════════════════════════
🔍 Verificando PostgreSQL...
📦 Instalando dependencias...
⚠️ Borrando base de datos existente: mydatabase
[7;30m✅ Base de datos y usuario listos.[0m

📅 Fecha de ejecución: 2025-06-10 09:41:45
📄 Script: 00_07_postgres.sh
═══════════════════════════════════════════
🔍 Verificando PostgreSQL...
📦 Instalando dependencias...
⚠️ Borrando base de datos existente: mydatabase
[7;30m✅ Base de datos y usuario listos.[0m

📅 Fecha de ejecución: 2025-06-10 09:47:15
📄 Script: 00_07_postgres.sh
═══════════════════════════════════════════
🔍 Verificando PostgreSQL...
📦 Instalando dependencias...
⚠️ Borrando base de datos existente: mydatabase
[7;30m✅ Base de datos y usuario listos.[0m

📅 Fecha de ejecución: 2025-06-10 09:51:25
📄 Script: 00_07_postgres.sh
═══════════════════════════════════════════
🔍 Verificando PostgreSQL...
📦 Instalando dependencias...
⚠️ Borrando base de datos existente: mydatabase
[7;30m✅ Base de datos y usuario listos.[0m

📅 Fecha de ejecución: 2025-06-10 10:03:47
📄 Script: 00_07_postgres.sh
═══════════════════════════════════════════
🔍 Verificando PostgreSQL...
📦 Instalando dependencias...
⚠️ Borrando base de datos existente: mydatabase
[7;30m✅ Base de datos y usuario listos.[0m

📅 Fecha de ejecución: 2025-06-10 10:07:22
📄 Script: 00_07_postgres.sh
═══════════════════════════════════════════
🔍 Verificando PostgreSQL...
📦 Instalando dependencias...
⚠️ Borrando base de datos existente: mydatabase
[7;30m✅ Base de datos y usuario listos.[0m

📅 Fecha de ejecución: 2025-06-10 10:09:33
📄 Script: 00_07_postgres.sh
═══════════════════════════════════════════
🔍 Verificando PostgreSQL...
📦 Instalando dependencias...
⚠️ Borrando base de datos existente: mydatabase
[7;30m✅ Base de datos y usuario listos.[0m

📅 Fecha de ejecución: 2025-06-10 10:10:22
📄 Script: 00_07_postgres.sh
═══════════════════════════════════════════
🔍 Verificando PostgreSQL...
📦 Instalando dependencias...
⚠️ Borrando base de datos existente: mydatabase
[7;30m✅ Base de datos y usuario listos.[0m

📅 Fecha de ejecución: 2025-06-10 10:13:34
📄 Script: 00_07_postgres.sh
═══════════════════════════════════════════
🔍 Verificando PostgreSQL...
📦 Instalando dependencias...
⚠️ Borrando base de datos existente: mydatabase
[7;30m✅ Base de datos y usuario listos.[0m

📅 Fecha de ejecución: 2025-06-10 10:20:06
📄 Script: 00_07_postgres.sh
═══════════════════════════════════════════
🔍 Verificando PostgreSQL...
📦 Instalando dependencias...
⚠️ Borrando base de datos existente: mydatabase
[7;30m✅ Base de datos y usuario listos.[0m

📅 Fecha de ejecución: 2025-06-10 10:24:54
📄 Script: 00_07_postgres.sh
═══════════════════════════════════════════
🔍 Verificando PostgreSQL...
📦 Instalando dependencias...
⚠️ Borrando base de datos existente: mydatabase
[7;30m✅ Base de datos y usuario listos.[0m

📅 Fecha de ejecución: 2025-06-10 10:28:27
📄 Script: 00_07_postgres.sh
═══════════════════════════════════════════
🔍 Verificando PostgreSQL...
📦 Instalando dependencias...
⚠️ Borrando base de datos existente: mydatabase
[7;30m✅ Base de datos y usuario listos.[0m

📅 Fecha de ejecución: 2025-06-10 10:35:46
📄 Script: 00_07_postgres.sh
═══════════════════════════════════════════
🔍 Verificando PostgreSQL...
📦 Instalando dependencias...
⚠️ Borrando base de datos existente: mydatabase
[7;30m✅ Base de datos y usuario listos.[0m

📅 Fecha de ejecución: 2025-06-10 10:58:30
📄 Script: 00_07_postgres.sh
═══════════════════════════════════════════
🔍 Verificando PostgreSQL...
📦 Instalando dependencias...
⚠️ Borrando base de datos existente: mydatabase
[7;30m✅ Base de datos y usuario listos.[0m

📅 Fecha de ejecución: 2025-06-10 11:00:32
📄 Script: 00_07_postgres.sh
═══════════════════════════════════════════
🔍 Verificando PostgreSQL...
📦 Instalando dependencias...
⚠️ Borrando base de datos existente: mydatabase
[7;30m✅ Base de datos y usuario listos.[0m

📅 Fecha de ejecución: 2025-06-10 11:28:16
📄 Script: 00_07_postgres.sh
═══════════════════════════════════════════
🔍 Verificando PostgreSQL...
📦 Instalando dependencias...
⚠️ Borrando base de datos existente: mydatabase
[7;30m✅ Base de datos y usuario listos.[0m

📅 Fecha de ejecución: 2025-06-10 11:32:06
📄 Script: 00_07_postgres.sh
═══════════════════════════════════════════
🔍 Verificando PostgreSQL...
📦 Instalando dependencias...
⚠️ Borrando base de datos existente: mydatabase
[7;30m✅ Base de datos y usuario listos.[0m

📅 Fecha de ejecución: 2025-06-10 11:34:35
📄 Script: 00_07_postgres.sh
═══════════════════════════════════════════
🔍 Verificando PostgreSQL...
📦 Instalando dependencias...
⚠️ Borrando base de datos existente: mydatabase
[7;30m✅ Base de datos y usuario listos.[0m

📅 Fecha de ejecución: 2025-06-10 11:37:47
📄 Script: 00_07_postgres.sh
═══════════════════════════════════════════
🔍 Verificando PostgreSQL...
📦 Instalando dependencias...
⚠️ Borrando base de datos existente: mydatabase
[7;30m✅ Base de datos y usuario listos.[0m

📅 Fecha de ejecución: 2025-06-10 11:49:51
📄 Script: 00_07_postgres.sh
═══════════════════════════════════════════
🔍 Verificando PostgreSQL...
📦 Instalando dependencias...
⚠️ Borrando base de datos existente: mydatabase
[7;30m✅ Base de datos y usuario listos.[0m

📅 Fecha de ejecución: 2025-06-10 11:52:11
📄 Script: 00_07_postgres.sh
═══════════════════════════════════════════
🔍 Verificando PostgreSQL...
📦 Instalando dependencias...
⚠️ Borrando base de datos existente: mydatabase
[7;30m✅ Base de datos y usuario listos.[0m

📅 Fecha de ejecución: 2025-06-10 12:58:10
📄 Script: 00_07_postgres.sh
═══════════════════════════════════════════
🔍 Verificando PostgreSQL...
📦 Instalando dependencias...
⚠️ Borrando base de datos existente: mydatabase
[7;30m✅ Base de datos y usuario listos.[0m

📅 Fecha de ejecución: 2025-06-10 12:59:48
📄 Script: 00_07_postgres.sh
═══════════════════════════════════════════
🔍 Verificando PostgreSQL...
📦 Instalando dependencias...
⚠️ Borrando base de datos existente: mydatabase
[7;30m✅ Base de datos y usuario listos.[0m

📅 Fecha de ejecución: 2025-06-10 13:08:42
📄 Script: 00_07_postgres.sh
═══════════════════════════════════════════
🔍 Verificando PostgreSQL...
📦 Instalando dependencias...
⚠️ Borrando base de datos existente: mydatabase
[7;30m✅ Base de datos y usuario listos.[0m

📅 Fecha de ejecución: 2025-06-10 13:18:30
📄 Script: 00_07_postgres.sh
═══════════════════════════════════════════
🔍 Verificando PostgreSQL...
📦 Instalando dependencias...
⚠️ Borrando base de datos existente: mydatabase
[7;30m✅ Base de datos y usuario listos.[0m

📅 Fecha de ejecución: 2025-06-10 23:46:00
📄 Script: 00_07_postgres.sh
═══════════════════════════════════════════
🔍 Verificando PostgreSQL...
📦 Instalando dependencias...
⚠️ Borrando base de datos existente: mydatabase
[7;30m✅ Base de datos y usuario listos.[0m

📅 Fecha de ejecución: 2025-06-11 00:03:17
📄 Script: 00_07_postgres.sh
═══════════════════════════════════════════
🔍 Verificando PostgreSQL...
📦 Instalando dependencias...
⚠️ Borrando base de datos existente: mydatabase
[7;30m✅ Base de datos y usuario listos.[0m

📅 Fecha de ejecución: 2025-06-11 00:08:57
📄 Script: 00_07_postgres.sh
═══════════════════════════════════════════
🔍 Verificando PostgreSQL...
📦 Instalando dependencias...
⚠️ Borrando base de datos existente: mydatabase
[7;30m✅ Base de datos y usuario listos.[0m

📅 Fecha de ejecución: 2025-06-11 00:17:44
📄 Script: 00_07_postgres.sh
═══════════════════════════════════════════
🔍 Verificando PostgreSQL...
📦 Instalando dependencias...
⚠️ Borrando base de datos existente: mydatabase
[7;30m✅ Base de datos y usuario listos.[0m

📅 Fecha de ejecución: 2025-06-11 00:25:43
📄 Script: 00_07_postgres.sh
═══════════════════════════════════════════
🔍 Verificando PostgreSQL...
📦 Instalando dependencias...
⚠️ Borrando base de datos existente: mydatabase
[7;30m✅ Base de datos y usuario listos.[0m

📅 Fecha de ejecución: 2025-06-11 00:28:25
📄 Script: 00_07_postgres.sh
═══════════════════════════════════════════
🔍 Verificando PostgreSQL...
📦 Instalando dependencias...
⚠️ Borrando base de datos existente: mydatabase
[7;30m✅ Base de datos y usuario listos.[0m

❌ Error en línea 107: "chmodtree"
Abortando.

📅 Fecha de ejecución: 2025-06-11 00:30:32
📄 Script: 00_07_postgres.sh
═══════════════════════════════════════════
🔍 Verificando PostgreSQL...
📦 Instalando dependencias...
⚠️ Borrando base de datos existente: mydatabase
[7;30m✅ Base de datos y usuario listos.[0m

📅 Fecha de ejecución: 2025-06-11 00:38:02
📄 Script: 00_07_postgres.sh
═══════════════════════════════════════════
🔍 Verificando PostgreSQL...
📦 Instalando dependencias...
⚠️ Borrando base de datos existente: mydatabase
[7;30m✅ Base de datos y usuario listos.[0m

📅 Fecha de ejecución: 2025-06-11 00:44:29
📄 Script: 00_07_postgres.sh
═══════════════════════════════════════════
🔍 Verificando PostgreSQL...
📦 Instalando dependencias...
⚠️ Borrando base de datos existente: mydatabase
[7;30m✅ Base de datos y usuario listos.[0m

📅 Fecha de ejecución: 2025-06-11 00:49:32
📄 Script: 00_07_postgres.sh
═══════════════════════════════════════════
🔍 Verificando PostgreSQL...

📅 Fecha de ejecución: 2025-06-11 00:50:07
📄 Script: 00_07_postgres.sh
═══════════════════════════════════════════
🔍 Verificando PostgreSQL...
📦 Instalando dependencias...
⚠️ Borrando base de datos existente: mydatabase
[7;30m✅ Base de datos y usuario listos.[0m

📅 Fecha de ejecución: 2025-06-11 00:52:40
📄 Script: 00_07_postgres.sh
═══════════════════════════════════════════
🔍 Verificando PostgreSQL...
📦 Instalando dependencias...
⚠️ Borrando base de datos existente: mydatabase
[7;30m✅ Base de datos y usuario listos.[0m

📅 Fecha de ejecución: 2025-06-11 00:54:11
📄 Script: 00_07_postgres.sh
═══════════════════════════════════════════
🔍 Verificando PostgreSQL...
📦 Instalando dependencias...
⚠️ Borrando base de datos existente: mydatabase
[7;30m✅ Base de datos y usuario listos.[0m

📅 Fecha de ejecución: 2025-06-11 00:56:06
📄 Script: 00_07_postgres.sh
═══════════════════════════════════════════
🔍 Verificando PostgreSQL...
📦 Instalando dependencias...
⚠️ Borrando base de datos existente: mydatabase
[7;30m✅ Base de datos y usuario listos.[0m

📅 Fecha de ejecución: 2025-06-11 00:58:17
📄 Script: 00_07_postgres.sh
═══════════════════════════════════════════
🔍 Verificando PostgreSQL...
📦 Instalando dependencias...
⚠️ Borrando base de datos existente: mydatabase
[7;30m✅ Base de datos y usuario listos.[0m

📅 Fecha de ejecución: 2025-06-11 01:01:52
📄 Script: 00_07_postgres.sh
═══════════════════════════════════════════
🔍 Verificando PostgreSQL...
📦 Instalando dependencias...
⚠️ Borrando base de datos existente: mydatabase
[7;30m✅ Base de datos y usuario listos.[0m

📅 Fecha de ejecución: 2025-06-11 01:07:11
📄 Script: 00_07_postgres.sh
═══════════════════════════════════════════
🔍 Verificando PostgreSQL...
📦 Instalando dependencias...
⚠️ Borrando base de datos existente: mydatabase
[7;30m✅ Base de datos y usuario listos.[0m

📅 Fecha de ejecución: 2025-06-11 01:11:33
📄 Script: 00_07_postgres.sh
═══════════════════════════════════════════
🔍 Verificando PostgreSQL...
📦 Instalando dependencias...
⚠️ Borrando base de datos existente: mydatabase
[7;30m✅ Base de datos y usuario listos.[0m

📅 Fecha de ejecución: 2025-06-11 01:28:10
📄 Script: 00_07_postgres.sh
═══════════════════════════════════════════
🔍 Verificando PostgreSQL...
📦 Instalando dependencias...
⚠️ Borrando base de datos existente: mydatabase
[7;30m✅ Base de datos y usuario listos.[0m

📅 Fecha de ejecución: 2025-06-11 01:35:31
📄 Script: 00_07_postgres.sh
═══════════════════════════════════════════
🔍 Verificando PostgreSQL...
📦 Instalando dependencias...
⚠️ Borrando base de datos existente: mydatabase
[7;30m✅ Base de datos y usuario listos.[0m

📅 Fecha de ejecución: 2025-06-11 01:36:48
📄 Script: 00_07_postgres.sh
═══════════════════════════════════════════
🔍 Verificando PostgreSQL...
📦 Instalando dependencias...
⚠️ Borrando base de datos existente: mydatabase
[7;30m✅ Base de datos y usuario listos.[0m

📅 Fecha de ejecución: 2025-06-11 01:48:18
📄 Script: 00_07_postgres.sh
═══════════════════════════════════════════
🔍 Verificando PostgreSQL...
📦 Instalando dependencias...
⚠️ Borrando base de datos existente: mydatabase
[7;30m✅ Base de datos y usuario listos.[0m

📅 Fecha de ejecución: 2025-06-11 01:52:27
📄 Script: 00_07_postgres.sh
═══════════════════════════════════════════
🔍 Verificando PostgreSQL...
📦 Instalando dependencias...
⚠️ Borrando base de datos existente: mydatabase
[7;30m✅ Base de datos y usuario listos.[0m

📅 Fecha de ejecución: 2025-06-11 01:57:17
📄 Script: 00_07_postgres.sh
═══════════════════════════════════════════
🔍 Verificando PostgreSQL...
📦 Instalando dependencias...
⚠️ Borrando base de datos existente: mydatabase
[7;30m✅ Base de datos y usuario listos.[0m

📅 Fecha de ejecución: 2025-06-11 02:01:26
📄 Script: 00_07_postgres.sh
═══════════════════════════════════════════
🔍 Verificando PostgreSQL...
📦 Instalando dependencias...
⚠️ Borrando base de datos existente: mydatabase
[7;30m✅ Base de datos y usuario listos.[0m

📅 Fecha de ejecución: 2025-06-11 02:06:56
📄 Script: 00_07_postgres.sh
═══════════════════════════════════════════
🔍 Verificando PostgreSQL...
📦 Instalando dependencias...
⚠️ Borrando base de datos existente: mydatabase
[7;30m✅ Base de datos y usuario listos.[0m

📅 Fecha de ejecución: 2025-06-11 02:22:33
📄 Script: 00_07_postgres.sh
═══════════════════════════════════════════
🔍 Verificando PostgreSQL...
📦 Instalando dependencias...
⚠️ Borrando base de datos existente: mydatabase
[7;30m✅ Base de datos y usuario listos.[0m

📅 Fecha de ejecución: 2025-06-11 02:26:05
📄 Script: 00_07_postgres.sh
═══════════════════════════════════════════
🔍 Verificando PostgreSQL...
📦 Instalando dependencias...
⚠️ Borrando base de datos existente: mydatabase
[7;30m✅ Base de datos y usuario listos.[0m

📅 Fecha de ejecución: 2025-06-11 02:29:50
📄 Script: 00_07_postgres.sh
═══════════════════════════════════════════
🔍 Verificando PostgreSQL...
📦 Instalando dependencias...
⚠️ Borrando base de datos existente: mydatabase
[7;30m✅ Base de datos y usuario listos.[0m

📅 Fecha de ejecución: 2025-06-11 02:36:59
📄 Script: 00_07_postgres.sh
═══════════════════════════════════════════
🔍 Verificando PostgreSQL...
📦 Instalando dependencias...
⚠️ Borrando base de datos existente: mydatabase
[7;30m✅ Base de datos y usuario listos.[0m

📅 Fecha de ejecución: 2025-06-11 02:42:15
📄 Script: 00_07_postgres.sh
═══════════════════════════════════════════
🔍 Verificando PostgreSQL...
📦 Instalando dependencias...
⚠️ Borrando base de datos existente: mydatabase
[7;30m✅ Base de datos y usuario listos.[0m

📅 Fecha de ejecución: 2025-06-11 02:51:03
📄 Script: 00_07_postgres.sh
═══════════════════════════════════════════
🔍 Verificando PostgreSQL...
📦 Instalando dependencias...
⚠️ Borrando base de datos existente: mydatabase
[7;30m✅ Base de datos y usuario listos.[0m

📅 Fecha de ejecución: 2025-06-11 02:57:38
📄 Script: 00_07_postgres.sh
═══════════════════════════════════════════
🔍 Verificando PostgreSQL...
📦 Instalando dependencias...
⚠️ Borrando base de datos existente: mydatabase
[7;30m✅ Base de datos y usuario listos.[0m

📅 Fecha de ejecución: 2025-06-11 03:07:08
📄 Script: 00_07_postgres.sh
═══════════════════════════════════════════
🔍 Verificando PostgreSQL...
📦 Instalando dependencias...
⚠️ Borrando base de datos existente: mydatabase
[7;30m✅ Base de datos y usuario listos.[0m

📅 Fecha de ejecución: 2025-06-11 03:16:40
📄 Script: 00_07_postgres.sh
═══════════════════════════════════════════
🔍 Verificando PostgreSQL...
📦 Instalando dependencias...
⚠️ Borrando base de datos existente: mydatabase
[7;30m✅ Base de datos y usuario listos.[0m

📅 Fecha de ejecución: 2025-06-11 03:32:18
📄 Script: 00_07_postgres.sh
═══════════════════════════════════════════
🔍 Verificando PostgreSQL...
📦 Instalando dependencias...
⚠️ Borrando base de datos existente: mydatabase
[7;30m✅ Base de datos y usuario listos.[0m

📅 Fecha de ejecución: 2025-06-11 04:01:01
📄 Script: 00_07_postgres.sh
═══════════════════════════════════════════
🔍 Verificando PostgreSQL...
📦 Instalando dependencias...
⚠️ Borrando base de datos existente: mydatabase
[7;30m✅ Base de datos y usuario listos.[0m

📅 Fecha de ejecución: 2025-06-11 04:20:10
📄 Script: 00_07_postgres.sh
═══════════════════════════════════════════
🔍 Verificando PostgreSQL...
📦 Instalando dependencias...
⚠️ Borrando base de datos existente: mydatabase
[7;30m✅ Base de datos y usuario listos.[0m

📅 Fecha de ejecución: 2025-06-11 04:21:28
📄 Script: 00_07_postgres.sh
═══════════════════════════════════════════
🔍 Verificando PostgreSQL...
📦 Instalando dependencias...
⚠️ Borrando base de datos existente: mydatabase

❌ Error en línea 109: "bash restore_and_upload_force.sh"
Abortando.
[7;30m✅ Base de datos y usuario listos.[0m

📅 Fecha de ejecución: 2025-06-11 04:26:32
📄 Script: 00_07_postgres.sh
═══════════════════════════════════════════
🔍 Verificando PostgreSQL...
📦 Instalando dependencias...
⚠️ Borrando base de datos existente: mydatabase
[7;30m✅ Base de datos y usuario listos.[0m

📅 Fecha de ejecución: 2025-06-11 04:52:23
📄 Script: 00_07_postgres.sh
═══════════════════════════════════════════
🔍 Verificando PostgreSQL...
📦 Instalando dependencias...
⚠️ Borrando base de datos existente: mydatabase
[7;30m✅ Base de datos y usuario listos.[0m

📅 Fecha de ejecución: 2025-06-11 07:52:51
📄 Script: 00_07_postgres.sh
═══════════════════════════════════════════
🔍 Verificando PostgreSQL...
📦 Instalando dependencias...
⚠️ Borrando base de datos existente: mydatabase
[7;30m✅ Base de datos y usuario listos.[0m

📅 Fecha de ejecución: 2025-06-11 07:55:02
📄 Script: 00_07_postgres.sh
═══════════════════════════════════════════
🔍 Verificando PostgreSQL...
📦 Instalando dependencias...
⚠️ Borrando base de datos existente: mydatabase
[7;30m✅ Base de datos y usuario listos.[0m

📅 Fecha de ejecución: 2025-06-11 08:05:15
📄 Script: 00_07_postgres.sh
═══════════════════════════════════════════
🔍 Verificando PostgreSQL...
📦 Instalando dependencias...
⚠️ Borrando base de datos existente: mydatabase
[7;30m✅ Base de datos y usuario listos.[0m

📅 Fecha de ejecución: 2025-06-11 08:35:17
📄 Script: 00_07_postgres.sh
═══════════════════════════════════════════
🔍 Verificando PostgreSQL...
📦 Instalando dependencias...
⚠️ Borrando base de datos existente: mydatabase
[7;30m✅ Base de datos y usuario listos.[0m

📅 Fecha de ejecución: 2025-06-11 08:42:02
📄 Script: 00_07_postgres.sh
═══════════════════════════════════════════
🔍 Verificando PostgreSQL...
📦 Instalando dependencias...
⚠️ Borrando base de datos existente: mydatabase
[7;30m✅ Base de datos y usuario listos.[0m

📅 Fecha de ejecución: 2025-06-11 08:53:37
📄 Script: 00_07_postgres.sh
═══════════════════════════════════════════
🔍 Verificando PostgreSQL...
📦 Instalando dependencias...
⚠️ Borrando base de datos existente: mydatabase
[7;30m✅ Base de datos y usuario listos.[0m

📅 Fecha de ejecución: 2025-06-11 09:56:16
📄 Script: 00_07_postgres.sh
═══════════════════════════════════════════
🔍 Verificando PostgreSQL...
📦 Instalando dependencias...
⚠️ Borrando base de datos existente: mydatabase
[7;30m✅ Base de datos y usuario listos.[0m

📅 Fecha de ejecución: 2025-06-11 20:37:20
📄 Script: 00_07_postgres.sh
═══════════════════════════════════════════
🔍 Verificando PostgreSQL...
📦 Instalando dependencias...
⚠️ Borrando base de datos existente: mydatabase
[7;30m✅ Base de datos y usuario listos.[0m

❌ Error en línea 109: "bash restore_and_upload_force.sh"
Abortando.

📅 Fecha de ejecución: 2025-06-11 20:39:14
📄 Script: 00_07_postgres.sh
═══════════════════════════════════════════
🔍 Verificando PostgreSQL...
📦 Instalando dependencias...
⚠️ Borrando base de datos existente: mydatabase
[7;30m✅ Base de datos y usuario listos.[0m

📅 Fecha de ejecución: 2025-06-11 21:21:47
📄 Script: 00_07_postgres.sh
═══════════════════════════════════════════
🔍 Verificando PostgreSQL...
📦 Instalando dependencias...
⚠️ Borrando base de datos existente: mydatabase
[7;30m✅ Base de datos y usuario listos.[0m

📅 Fecha de ejecución: 2025-06-11 21:28:52
📄 Script: 00_07_postgres.sh
═══════════════════════════════════════════
🔍 Verificando PostgreSQL...
📦 Instalando dependencias...
⚠️ Borrando base de datos existente: mydatabase
[7;30m✅ Base de datos y usuario listos.[0m

📅 Fecha de ejecución: 2025-06-11 21:35:21
📄 Script: 00_07_postgres.sh
═══════════════════════════════════════════
🔍 Verificando PostgreSQL...
📦 Instalando dependencias...
⚠️ Borrando base de datos existente: mydatabase
[7;30m✅ Base de datos y usuario listos.[0m

📅 Fecha de ejecución: 2025-06-11 21:41:36
📄 Script: 00_07_postgres.sh
═══════════════════════════════════════════
🔍 Verificando PostgreSQL...
📦 Instalando dependencias...
⚠️ Borrando base de datos existente: mydatabase
[7;30m✅ Base de datos y usuario listos.[0m

📅 Fecha de ejecución: 2025-06-11 21:43:51
📄 Script: 00_07_postgres.sh
═══════════════════════════════════════════
🔍 Verificando PostgreSQL...
📦 Instalando dependencias...
⚠️ Borrando base de datos existente: mydatabase
[7;30m✅ Base de datos y usuario listos.[0m

📅 Fecha de ejecución: 2025-06-11 21:48:37
📄 Script: 00_07_postgres.sh
═══════════════════════════════════════════
🔍 Verificando PostgreSQL...
📦 Instalando dependencias...
⚠️ Borrando base de datos existente: mydatabase
[7;30m✅ Base de datos y usuario listos.[0m

📅 Fecha de ejecución: 2025-06-11 21:55:04
📄 Script: 00_07_postgres.sh
═══════════════════════════════════════════
🔍 Verificando PostgreSQL...
📦 Instalando dependencias...
⚠️ Borrando base de datos existente: mydatabase
[7;30m✅ Base de datos y usuario listos.[0m

📅 Fecha de ejecución: 2025-06-11 21:57:57
📄 Script: 00_07_postgres.sh
═══════════════════════════════════════════
🔍 Verificando PostgreSQL...
📦 Instalando dependencias...
⚠️ Borrando base de datos existente: mydatabase
[7;30m✅ Base de datos y usuario listos.[0m

📅 Fecha de ejecución: 2025-06-11 22:02:08
📄 Script: 00_07_postgres.sh
═══════════════════════════════════════════
🔍 Verificando PostgreSQL...
📦 Instalando dependencias...
⚠️ Borrando base de datos existente: mydatabase
[7;30m✅ Base de datos y usuario listos.[0m

📅 Fecha de ejecución: 2025-06-11 22:24:52
📄 Script: 00_07_postgres.sh
═══════════════════════════════════════════
🔍 Verificando PostgreSQL...
📦 Instalando dependencias...
⚠️ Borrando base de datos existente: mydatabase
[7;30m✅ Base de datos y usuario listos.[0m

📅 Fecha de ejecución: 2025-06-11 22:36:32
📄 Script: 00_07_postgres.sh
═══════════════════════════════════════════
🔍 Verificando PostgreSQL...
📦 Instalando dependencias...
⚠️ Borrando base de datos existente: mydatabase
[7;30m✅ Base de datos y usuario listos.[0m

📅 Fecha de ejecución: 2025-06-11 22:47:34
📄 Script: 00_07_postgres.sh
═══════════════════════════════════════════
🔍 Verificando PostgreSQL...
📦 Instalando dependencias...
⚠️ Borrando base de datos existente: mydatabase
[7;30m✅ Base de datos y usuario listos.[0m

📅 Fecha de ejecución: 2025-06-11 22:51:12
📄 Script: 00_07_postgres.sh
═══════════════════════════════════════════
🔍 Verificando PostgreSQL...
📦 Instalando dependencias...
⚠️ Borrando base de datos existente: mydatabase
[7;30m✅ Base de datos y usuario listos.[0m

📅 Fecha de ejecución: 2025-06-11 22:53:56
📄 Script: 00_07_postgres.sh
═══════════════════════════════════════════
🔍 Verificando PostgreSQL...
📦 Instalando dependencias...
⚠️ Borrando base de datos existente: mydatabase
[7;30m✅ Base de datos y usuario listos.[0m

📅 Fecha de ejecución: 2025-06-11 23:00:24
📄 Script: 00_07_postgres.sh
═══════════════════════════════════════════
🔍 Verificando PostgreSQL...
📦 Instalando dependencias...
⚠️ Borrando base de datos existente: mydatabase
[7;30m✅ Base de datos y usuario listos.[0m

📅 Fecha de ejecución: 2025-06-11 23:17:50
📄 Script: 00_07_postgres.sh
═══════════════════════════════════════════
🔍 Verificando PostgreSQL...
📦 Instalando dependencias...
⚠️ Borrando base de datos existente: mydatabase
[7;30m✅ Base de datos y usuario listos.[0m

📅 Fecha de ejecución: 2025-06-11 23:19:36
📄 Script: 00_07_postgres.sh
═══════════════════════════════════════════
🔍 Verificando PostgreSQL...
📦 Instalando dependencias...
⚠️ Borrando base de datos existente: mydatabase
[7;30m✅ Base de datos y usuario listos.[0m

📅 Fecha de ejecución: 2025-06-11 23:51:01
📄 Script: 00_07_postgres.sh
═══════════════════════════════════════════
🔍 Verificando PostgreSQL...
📦 Instalando dependencias...
⚠️ Borrando base de datos existente: mydatabase
[7;30m✅ Base de datos y usuario listos.[0m

📅 Fecha de ejecución: 2025-06-11 23:52:57
📄 Script: 00_07_postgres.sh
═══════════════════════════════════════════
🔍 Verificando PostgreSQL...
📦 Instalando dependencias...
⚠️ Borrando base de datos existente: mydatabase
[7;30m✅ Base de datos y usuario listos.[0m

📅 Fecha de ejecución: 2025-06-12 03:25:08
📄 Script: 00_07_postgres.sh
═══════════════════════════════════════════
🔍 Verificando PostgreSQL...
📦 Instalando dependencias...
⚠️ Borrando base de datos existente: mydatabase
[7;30m✅ Base de datos y usuario listos.[0m

📅 Fecha de ejecución: 2025-06-12 10:32:29
📄 Script: 00_07_postgres.sh
═══════════════════════════════════════════
🔍 Verificando PostgreSQL...
📦 Instalando dependencias...
⚠️ Borrando base de datos existente: mydatabase
[7;30m✅ Base de datos y usuario listos.[0m

📅 Fecha de ejecución: 2025-06-12 10:33:34
📄 Script: 00_07_postgres.sh
═══════════════════════════════════════════
🔍 Verificando PostgreSQL...
📦 Instalando dependencias...
⚠️ Borrando base de datos existente: mydatabase
[7;30m✅ Base de datos y usuario listos.[0m

📅 Fecha de ejecución: 2025-06-12 11:09:31
📄 Script: 00_07_postgres.sh
═══════════════════════════════════════════
🔍 Verificando PostgreSQL...
📦 Instalando dependencias...
⚠️ Borrando base de datos existente: mydatabase
[7;30m✅ Base de datos y usuario listos.[0m

📅 Fecha de ejecución: 2025-06-12 11:11:44
📄 Script: 00_07_postgres.sh
═══════════════════════════════════════════
🔍 Verificando PostgreSQL...
📦 Instalando dependencias...
⚠️ Borrando base de datos existente: mydatabase
[7;30m✅ Base de datos y usuario listos.[0m

📅 Fecha de ejecución: 2025-06-12 11:14:40
📄 Script: 00_07_postgres.sh
═══════════════════════════════════════════
🔍 Verificando PostgreSQL...
📦 Instalando dependencias...
⚠️ Borrando base de datos existente: mydatabase
[7;30m✅ Base de datos y usuario listos.[0m

📅 Fecha de ejecución: 2025-06-12 11:16:49
📄 Script: 00_07_postgres.sh
═══════════════════════════════════════════
🔍 Verificando PostgreSQL...
📦 Instalando dependencias...
⚠️ Borrando base de datos existente: mydatabase
[7;30m✅ Base de datos y usuario listos.[0m

📅 Fecha de ejecución: 2025-06-12 11:19:16
📄 Script: 00_07_postgres.sh
═══════════════════════════════════════════
🔍 Verificando PostgreSQL...
📦 Instalando dependencias...
⚠️ Borrando base de datos existente: mydatabase
[7;30m✅ Base de datos y usuario listos.[0m

📅 Fecha de ejecución: 2025-06-12 17:57:14
📄 Script: 00_07_postgres.sh
═══════════════════════════════════════════
🔍 Verificando PostgreSQL...
📦 Instalando dependencias...
⚠️ Borrando base de datos existente: mydatabase
[7;30m✅ Base de datos y usuario listos.[0m

📅 Fecha de ejecución: 2025-06-12 18:19:58
📄 Script: 00_07_postgres.sh
═══════════════════════════════════════════
🔍 Verificando PostgreSQL...
📦 Instalando dependencias...
⚠️ Borrando base de datos existente: mydatabase
[7;30m✅ Base de datos y usuario listos.[0m

📅 Fecha de ejecución: 2025-06-12 18:49:02
📄 Script: 00_07_postgres.sh
═══════════════════════════════════════════
🔍 Verificando PostgreSQL...
📦 Instalando dependencias...
⚠️ Borrando base de datos existente: mydatabase
[7;30m✅ Base de datos y usuario listos.[0m

📅 Fecha de ejecución: 2025-06-12 22:41:50
📄 Script: 00_07_postgres.sh
═══════════════════════════════════════════
🔍 Verificando PostgreSQL...
📦 Instalando dependencias...
⚠️ Borrando base de datos existente: mydatabase
[7;30m✅ Base de datos y usuario listos.[0m

📅 Fecha de ejecución: 2025-06-13 01:28:43
📄 Script: 00_07_postgres.sh
═══════════════════════════════════════════
🔍 Verificando PostgreSQL...
📦 Instalando dependencias...
⚠️ Borrando base de datos existente: mydatabase
[7;30m✅ Base de datos y usuario listos.[0m

📅 Fecha de ejecución: 2025-06-13 02:38:13
📄 Script: 00_07_postgres.sh
═══════════════════════════════════════════
🔍 Verificando PostgreSQL...
📦 Instalando dependencias...
⚠️ Borrando base de datos existente: mydatabase
[7;30m✅ Base de datos y usuario listos.[0m

📅 Fecha de ejecución: 2025-06-13 02:42:05
📄 Script: 00_07_postgres.sh
═══════════════════════════════════════════
🔍 Verificando PostgreSQL...
📦 Instalando dependencias...
⚠️ Borrando base de datos existente: mydatabase
[7;30m✅ Base de datos y usuario listos.[0m

❌ Error en línea 110: "bash restore_and_upload_force.sh"
Abortando.

📅 Fecha de ejecución: 2025-06-13 02:48:03
📄 Script: 00_07_postgres.sh
═══════════════════════════════════════════
🔍 Verificando PostgreSQL...
📦 Instalando dependencias...
⚠️ Borrando base de datos existente: mydatabase
[7;30m✅ Base de datos y usuario listos.[0m

❌ Error en línea 110: "bash restore_and_upload_force.sh"
Abortando.

📅 Fecha de ejecución: 2025-06-13 02:51:01
📄 Script: 00_07_postgres.sh
═══════════════════════════════════════════
🔍 Verificando PostgreSQL...
📦 Instalando dependencias...
⚠️ Borrando base de datos existente: mydatabase
[7;30m✅ Base de datos y usuario listos.[0m

📅 Fecha de ejecución: 2025-06-13 03:17:04
📄 Script: 00_07_postgres.sh
═══════════════════════════════════════════
🔍 Verificando PostgreSQL...
📦 Instalando dependencias...
⚠️ Borrando base de datos existente: mydatabase
[7;30m✅ Base de datos y usuario listos.[0m

📅 Fecha de ejecución: 2025-06-13 03:19:21
📄 Script: 00_07_postgres.sh
═══════════════════════════════════════════
🔍 Verificando PostgreSQL...
📦 Instalando dependencias...
⚠️ Borrando base de datos existente: mydatabase
[7;30m✅ Base de datos y usuario listos.[0m

📅 Fecha de ejecución: 2025-06-13 03:55:01
📄 Script: 00_07_postgres.sh
═══════════════════════════════════════════
🔍 Verificando PostgreSQL...
📦 Instalando dependencias...
⚠️ Borrando base de datos existente: mydatabase
[7;30m✅ Base de datos y usuario listos.[0m

📅 Fecha de ejecución: 2025-06-13 04:39:00
📄 Script: 00_07_postgres.sh
═══════════════════════════════════════════
🔍 Verificando PostgreSQL...
📦 Instalando dependencias...
⚠️ Borrando base de datos existente: mydatabase
[7;30m✅ Base de datos y usuario listos.[0m

📅 Fecha de ejecución: 2025-06-13 05:14:31
📄 Script: 00_07_postgres.sh
═══════════════════════════════════════════
🔍 Verificando PostgreSQL...
📦 Instalando dependencias...
⚠️ Borrando base de datos existente: mydatabase
[7;30m✅ Base de datos y usuario listos.[0m

📅 Fecha de ejecución: 2025-06-13 05:16:45
📄 Script: 00_07_postgres.sh
═══════════════════════════════════════════
🔍 Verificando PostgreSQL...
📦 Instalando dependencias...
⚠️ Borrando base de datos existente: mydatabase
[7;30m✅ Base de datos y usuario listos.[0m

📅 Fecha de ejecución: 2025-06-13 05:38:44
📄 Script: 00_07_postgres.sh
═══════════════════════════════════════════
🔍 Verificando PostgreSQL...
📦 Instalando dependencias...
⚠️ Borrando base de datos existente: mydatabase
[7;30m✅ Base de datos y usuario listos.[0m

📅 Fecha de ejecución: 2025-06-13 05:46:24
📄 Script: 00_07_postgres.sh
═══════════════════════════════════════════
🔍 Verificando PostgreSQL...
📦 Instalando dependencias...
⚠️ Borrando base de datos existente: mydatabase
[7;30m✅ Base de datos y usuario listos.[0m

📅 Fecha de ejecución: 2025-06-13 05:50:34
📄 Script: 00_07_postgres.sh
═══════════════════════════════════════════
🔍 Verificando PostgreSQL...
📦 Instalando dependencias...
⚠️ Borrando base de datos existente: mydatabase
[7;30m✅ Base de datos y usuario listos.[0m

📅 Fecha de ejecución: 2025-06-13 06:32:20
📄 Script: 00_07_postgres.sh
═══════════════════════════════════════════
🔍 Verificando PostgreSQL...
📦 Instalando dependencias...
⚠️ Borrando base de datos existente: mydatabase
[7;30m✅ Base de datos y usuario listos.[0m

📅 Fecha de ejecución: 2025-06-13 07:25:31
📄 Script: 00_07_postgres.sh
═══════════════════════════════════════════
🔍 Verificando PostgreSQL...
📦 Instalando dependencias...
⚠️ Borrando base de datos existente: mydatabase
[7;30m✅ Base de datos y usuario listos.[0m

📅 Fecha de ejecución: 2025-06-13 08:33:24
📄 Script: 00_07_postgres.sh
═══════════════════════════════════════════
🔍 Verificando PostgreSQL...
📦 Instalando dependencias...
⚠️ Borrando base de datos existente: mydatabase
[7;30m✅ Base de datos y usuario listos.[0m

📅 Fecha de ejecución: 2025-06-13 09:16:27
📄 Script: 00_07_postgres.sh
═══════════════════════════════════════════
🔍 Verificando PostgreSQL...
📦 Instalando dependencias...

❌ Error en línea 81: "sudo -u postgres psql <<-EOF
DO \$\$
BEGIN
    IF NOT EXISTS (SELECT FROM pg_catalog.pg_roles WHERE rolname = '${DB_USER}') THEN
        CREATE USER ${DB_USER} WITH PASSWORD '${DB_PASS}';
    END IF;
END
\$\$;
ALTER USER ${DB_USER} WITH SUPERUSER;
GRANT ALL PRIVILEGES ON SCHEMA public TO ${DB_USER};
EOF
"
Abortando.

📅 Fecha de ejecución: 2025-06-13 09:18:06
📄 Script: 00_07_postgres.sh
═══════════════════════════════════════════
🔍 Verificando PostgreSQL...
📦 Instalando dependencias...

❌ Error en línea 81: "sudo -u postgres psql <<-EOF
DO \$\$
BEGIN
    IF NOT EXISTS (SELECT FROM pg_catalog.pg_roles WHERE rolname = '${DB_USER}') THEN
        CREATE USER ${DB_USER} WITH PASSWORD '${DB_PASS}';
    END IF;
END
\$\$;
ALTER USER ${DB_USER} WITH SUPERUSER;
GRANT ALL PRIVILEGES ON SCHEMA public TO ${DB_USER};
EOF
"
Abortando.

📅 Fecha de ejecución: 2025-06-13 09:30:13
📄 Script: 00_07_postgres.sh
═══════════════════════════════════════════
🔍 Verificando PostgreSQL...
📦 Instalando dependencias...
⚠️ Borrando base de datos existente: mydatabase
[7;30m✅ Base de datos y usuario listos.[0m

📅 Fecha de ejecución: 2025-06-13 09:35:14
📄 Script: 00_07_postgres.sh
═══════════════════════════════════════════
🔍 Verificando PostgreSQL...
📦 Instalando dependencias...
⚠️ Borrando base de datos existente: mydatabase
[7;30m✅ Base de datos y usuario listos.[0m

📅 Fecha de ejecución: 2025-06-13 09:45:46
📄 Script: 00_07_postgres.sh
═══════════════════════════════════════════
🔍 Verificando PostgreSQL...
📦 Instalando dependencias...
⚠️ Borrando base de datos existente: mydatabase
[7;30m✅ Base de datos y usuario listos.[0m

📅 Fecha de ejecución: 2025-06-13 09:50:34
📄 Script: 00_07_postgres.sh
═══════════════════════════════════════════
🔍 Verificando PostgreSQL...
📦 Instalando dependencias...
⚠️ Borrando base de datos existente: mydatabase
[7;30m✅ Base de datos y usuario listos.[0m

📅 Fecha de ejecución: 2025-06-13 09:54:55
📄 Script: 00_07_postgres.sh
═══════════════════════════════════════════
🔍 Verificando PostgreSQL...
📦 Instalando dependencias...
⚠️ Borrando base de datos existente: mydatabase
[7;30m✅ Base de datos y usuario listos.[0m

📅 Fecha de ejecución: 2025-06-13 10:46:46
📄 Script: 00_07_postgres.sh
═══════════════════════════════════════════
🔍 Verificando PostgreSQL...
📦 Instalando dependencias...
⚠️ Borrando base de datos existente: mydatabase
[7;30m✅ Base de datos y usuario listos.[0m

📅 Fecha de ejecución: 2025-06-13 11:04:05
📄 Script: 00_07_postgres.sh
═══════════════════════════════════════════
🔍 Verificando PostgreSQL...
📦 Instalando dependencias...
⚠️ Borrando base de datos existente: mydatabase
[7;30m✅ Base de datos y usuario listos.[0m

📅 Fecha de ejecución: 2025-06-13 19:51:18
📄 Script: 00_07_postgres.sh
═══════════════════════════════════════════
🔍 Verificando PostgreSQL...
📦 Instalando dependencias...
⚠️ Borrando base de datos existente: mydatabase
[7;30m✅ Base de datos y usuario listos.[0m

📅 Fecha de ejecución: 2025-06-14 01:03:43
📄 Script: 00_07_postgres.sh
═══════════════════════════════════════════
🔍 Verificando PostgreSQL...
📦 Instalando dependencias...
⚠️ Borrando base de datos existente: mydatabase
[7;30m✅ Base de datos y usuario listos.[0m

📅 Fecha de ejecución: 2025-06-14 01:29:00
📄 Script: 00_07_postgres.sh
═══════════════════════════════════════════
🔍 Verificando PostgreSQL...
📦 Instalando dependencias...
⚠️ Borrando base de datos existente: mydatabase
[7;30m✅ Base de datos y usuario listos.[0m

📅 Fecha de ejecución: 2025-06-14 02:45:04
📄 Script: 00_07_postgres.sh
═══════════════════════════════════════════
🔍 Verificando PostgreSQL...
📦 Instalando dependencias...
⚠️ Borrando base de datos existente: mydatabase
[7;30m✅ Base de datos y usuario listos.[0m

📅 Fecha de ejecución: 2025-06-14 02:52:51
📄 Script: 00_07_postgres.sh
═══════════════════════════════════════════
🔍 Verificando PostgreSQL...
📦 Instalando dependencias...
⚠️ Borrando base de datos existente: mydatabase
[7;30m✅ Base de datos y usuario listos.[0m

📅 Fecha de ejecución: 2025-06-14 03:20:05
📄 Script: 00_07_postgres.sh
═══════════════════════════════════════════
🔍 Verificando PostgreSQL...
📦 Instalando dependencias...
⚠️ Borrando base de datos existente: mydatabase
[7;30m✅ Base de datos y usuario listos.[0m

📅 Fecha de ejecución: 2025-06-14 03:53:36
📄 Script: 00_07_postgres.sh
═══════════════════════════════════════════
🔍 Verificando PostgreSQL...
📦 Instalando dependencias...
⚠️ Borrando base de datos existente: mydatabase
[7;30m✅ Base de datos y usuario listos.[0m

📅 Fecha de ejecución: 2025-06-14 04:30:31
📄 Script: 00_07_postgres.sh
═══════════════════════════════════════════
🔍 Verificando PostgreSQL...
📦 Instalando dependencias...
⚠️ Borrando base de datos existente: mydatabase
[7;30m✅ Base de datos y usuario listos.[0m

📅 Fecha de ejecución: 2025-06-14 07:18:41
📄 Script: 00_07_postgres.sh
═══════════════════════════════════════════
🔍 Verificando PostgreSQL...
📦 Instalando dependencias...
⚠️ Borrando base de datos existente: mydatabase
[7;30m✅ Base de datos y usuario listos.[0m

📅 Fecha de ejecución: 2025-06-14 07:57:07
📄 Script: 00_07_postgres.sh
═══════════════════════════════════════════
🔍 Verificando PostgreSQL...
📦 Instalando dependencias...
⚠️ Borrando base de datos existente: mydatabase
[7;30m✅ Base de datos y usuario listos.[0m

📅 Fecha de ejecución: 2025-06-14 08:02:05
📄 Script: 00_07_postgres.sh
═══════════════════════════════════════════
🔍 Verificando PostgreSQL...
📦 Instalando dependencias...
⚠️ Borrando base de datos existente: mydatabase
[7;30m✅ Base de datos y usuario listos.[0m

📅 Fecha de ejecución: 2025-06-14 08:08:01
📄 Script: 00_07_postgres.sh
═══════════════════════════════════════════
🔍 Verificando PostgreSQL...
📦 Instalando dependencias...
⚠️ Borrando base de datos existente: mydatabase
[7;30m✅ Base de datos y usuario listos.[0m

📅 Fecha de ejecución: 2025-06-14 08:30:05
📄 Script: 00_07_postgres.sh
═══════════════════════════════════════════
🔍 Verificando PostgreSQL...
📦 Instalando dependencias...
⚠️ Borrando base de datos existente: mydatabase
[7;30m✅ Base de datos y usuario listos.[0m

📅 Fecha de ejecución: 2025-06-14 09:59:15
📄 Script: 00_07_postgres.sh
═══════════════════════════════════════════
🔍 Verificando PostgreSQL...
📦 Instalando dependencias...
⚠️ Borrando base de datos existente: mydatabase
[7;30m✅ Base de datos y usuario listos.[0m

📅 Fecha de ejecución: 2025-06-14 10:17:50
📄 Script: 00_07_postgres.sh
═══════════════════════════════════════════
🔍 Verificando PostgreSQL...
📦 Instalando dependencias...
⚠️ Borrando base de datos existente: mydatabase
[7;30m✅ Base de datos y usuario listos.[0m

📅 Fecha de ejecución: 2025-06-14 10:27:25
📄 Script: 00_07_postgres.sh
═══════════════════════════════════════════
🔍 Verificando PostgreSQL...
📦 Instalando dependencias...
⚠️ Borrando base de datos existente: mydatabase
[7;30m✅ Base de datos y usuario listos.[0m

📅 Fecha de ejecución: 2025-06-16 19:56:21
📄 Script: 00_07_postgres.sh
═══════════════════════════════════════════
🔍 Verificando PostgreSQL...
📦 Instalando dependencias...

❌ Error en línea 81: "sudo -u postgres psql <<-EOF
DO \$\$
BEGIN
    IF NOT EXISTS (SELECT FROM pg_catalog.pg_roles WHERE rolname = '${DB_USER}') THEN
        CREATE USER ${DB_USER} WITH PASSWORD '${DB_PASS}';
    END IF;
END
\$\$;
ALTER USER ${DB_USER} WITH SUPERUSER;
GRANT ALL PRIVILEGES ON SCHEMA public TO ${DB_USER};
EOF
"
Abortando.

📅 Fecha de ejecución: 2025-06-16 19:59:31
📄 Script: 00_07_postgres.sh
═══════════════════════════════════════════
🔍 Verificando PostgreSQL...
📦 Instalando dependencias...
⚠️ Borrando base de datos existente: mydatabase
[7;30m✅ Base de datos y usuario listos.[0m

📅 Fecha de ejecución: 2025-06-16 20:02:12
📄 Script: 00_07_postgres.sh
═══════════════════════════════════════════
🔍 Verificando PostgreSQL...
📦 Instalando dependencias...
⚠️ Borrando base de datos existente: mydatabase
[7;30m✅ Base de datos y usuario listos.[0m

📅 Fecha de ejecución: 2025-06-16 20:28:51
📄 Script: 00_07_postgres.sh
═══════════════════════════════════════════
🔍 Verificando PostgreSQL...
📦 Instalando dependencias...
⚠️ Borrando base de datos existente: mydatabase
[7;30m✅ Base de datos y usuario listos.[0m

📅 Fecha de ejecución: 2025-06-16 20:42:17
📄 Script: 00_07_postgres.sh
═══════════════════════════════════════════
🔍 Verificando PostgreSQL...
📦 Instalando dependencias...
⚠️ Borrando base de datos existente: mydatabase
[7;30m✅ Base de datos y usuario listos.[0m

📅 Fecha de ejecución: 2025-06-16 21:05:26
📄 Script: 00_07_postgres.sh
═══════════════════════════════════════════
🔍 Verificando PostgreSQL...
📦 Instalando dependencias...
⚠️ Borrando base de datos existente: mydatabase
[7;30m✅ Base de datos y usuario listos.[0m

📅 Fecha de ejecución: 2025-06-16 21:58:52
📄 Script: 00_07_postgres.sh
═══════════════════════════════════════════
🔍 Verificando PostgreSQL...
📦 Instalando dependencias...
⚠️ Borrando base de datos existente: mydatabase
[7;30m✅ Base de datos y usuario listos.[0m

📅 Fecha de ejecución: 2025-06-16 22:16:54
📄 Script: 00_07_postgres.sh
═══════════════════════════════════════════
🔍 Verificando PostgreSQL...
📦 Instalando dependencias...
⚠️ Borrando base de datos existente: mydatabase
[7;30m✅ Base de datos y usuario listos.[0m

📅 Fecha de ejecución: 2025-06-16 22:21:38
📄 Script: 00_07_postgres.sh
═══════════════════════════════════════════
🔍 Verificando PostgreSQL...
📦 Instalando dependencias...
⚠️ Borrando base de datos existente: mydatabase
[7;30m✅ Base de datos y usuario listos.[0m

📅 Fecha de ejecución: 2025-06-16 22:41:35
📄 Script: 00_07_postgres.sh
═══════════════════════════════════════════
🔍 Verificando PostgreSQL...
📦 Instalando dependencias...
⚠️ Borrando base de datos existente: mydatabase
[7;30m✅ Base de datos y usuario listos.[0m

📅 Fecha de ejecución: 2025-06-16 22:51:20
📄 Script: 00_07_postgres.sh
═══════════════════════════════════════════
🔍 Verificando PostgreSQL...
📦 Instalando dependencias...
⚠️ Borrando base de datos existente: mydatabase
[7;30m✅ Base de datos y usuario listos.[0m

📅 Fecha de ejecución: 2025-06-16 22:57:03
📄 Script: 00_07_postgres.sh
═══════════════════════════════════════════
🔍 Verificando PostgreSQL...
📦 Instalando dependencias...
⚠️ Borrando base de datos existente: mydatabase
[7;30m✅ Base de datos y usuario listos.[0m

📅 Fecha de ejecución: 2025-06-17 00:24:44
📄 Script: 00_07_postgres.sh
═══════════════════════════════════════════
🔍 Verificando PostgreSQL...
📦 Instalando dependencias...
⚠️ Borrando base de datos existente: mydatabase
[7;30m✅ Base de datos y usuario listos.[0m

📅 Fecha de ejecución: 2025-06-17 00:34:58
📄 Script: 00_07_postgres.sh
═══════════════════════════════════════════
🔍 Verificando PostgreSQL...
📦 Instalando dependencias...
⚠️ Borrando base de datos existente: mydatabase
[7;30m✅ Base de datos y usuario listos.[0m

📅 Fecha de ejecución: 2025-06-17 00:41:29
📄 Script: 00_07_postgres.sh
═══════════════════════════════════════════
🔍 Verificando PostgreSQL...
📦 Instalando dependencias...
⚠️ Borrando base de datos existente: mydatabase
[7;30m✅ Base de datos y usuario listos.[0m

📅 Fecha de ejecución: 2025-06-17 01:11:35
📄 Script: 00_07_postgres.sh
═══════════════════════════════════════════
🔍 Verificando PostgreSQL...
📦 Instalando dependencias...
⚠️ Borrando base de datos existente: mydatabase
[7;30m✅ Base de datos y usuario listos.[0m

📅 Fecha de ejecución: 2025-06-17 01:29:10
📄 Script: 00_07_postgres.sh
═══════════════════════════════════════════
🔍 Verificando PostgreSQL...
📦 Instalando dependencias...
⚠️ Borrando base de datos existente: mydatabase
[7;30m✅ Base de datos y usuario listos.[0m

📅 Fecha de ejecución: 2025-06-17 01:46:54
📄 Script: 00_07_postgres.sh
═══════════════════════════════════════════
🔍 Verificando PostgreSQL...
📦 Instalando dependencias...
⚠️ Borrando base de datos existente: mydatabase
[7;30m✅ Base de datos y usuario listos.[0m

📅 Fecha de ejecución: 2025-06-17 01:53:27
📄 Script: 00_07_postgres.sh
═══════════════════════════════════════════
🔍 Verificando PostgreSQL...
📦 Instalando dependencias...
⚠️ Borrando base de datos existente: mydatabase
[7;30m✅ Base de datos y usuario listos.[0m

📅 Fecha de ejecución: 2025-06-17 02:07:53
📄 Script: 00_07_postgres.sh
═══════════════════════════════════════════
🔍 Verificando PostgreSQL...
📦 Instalando dependencias...
⚠️ Borrando base de datos existente: mydatabase
[7;30m✅ Base de datos y usuario listos.[0m

📅 Fecha de ejecución: 2025-06-17 02:41:07
📄 Script: 00_07_postgres.sh
═══════════════════════════════════════════
🔍 Verificando PostgreSQL...
📦 Instalando dependencias...
⚠️ Borrando base de datos existente: mydatabase
[7;30m✅ Base de datos y usuario listos.[0m

📅 Fecha de ejecución: 2025-06-17 04:00:37
📄 Script: 00_07_postgres.sh
═══════════════════════════════════════════
🔍 Verificando PostgreSQL...
📦 Instalando dependencias...
⚠️ Borrando base de datos existente: mydatabase
[7;30m✅ Base de datos y usuario listos.[0m

📅 Fecha de ejecución: 2025-06-17 04:12:55
📄 Script: 00_07_postgres.sh
═══════════════════════════════════════════
🔍 Verificando PostgreSQL...
📦 Instalando dependencias...
⚠️ Borrando base de datos existente: mydatabase
[7;30m✅ Base de datos y usuario listos.[0m

📅 Fecha de ejecución: 2025-06-17 04:56:06
📄 Script: 00_07_postgres.sh
═══════════════════════════════════════════
🔍 Verificando PostgreSQL...
📦 Instalando dependencias...
⚠️ Borrando base de datos existente: mydatabase
[7;30m✅ Base de datos y usuario listos.[0m

📅 Fecha de ejecución: 2025-06-17 05:04:46
📄 Script: 00_07_postgres.sh
═══════════════════════════════════════════
🔍 Verificando PostgreSQL...
📦 Instalando dependencias...
⚠️ Borrando base de datos existente: mydatabase
[7;30m✅ Base de datos y usuario listos.[0m

📅 Fecha de ejecución: 2025-06-17 05:41:48
📄 Script: 00_07_postgres.sh
═══════════════════════════════════════════
🔍 Verificando PostgreSQL...
📦 Instalando dependencias...
⚠️ Borrando base de datos existente: mydatabase
[7;30m✅ Base de datos y usuario listos.[0m

📅 Fecha de ejecución: 2025-06-17 14:32:53
📄 Script: 00_07_postgres.sh
═══════════════════════════════════════════
🔍 Verificando PostgreSQL...
📦 Instalando dependencias...
⚠️ Borrando base de datos existente: mydatabase
[7;30m✅ Base de datos y usuario listos.[0m

📅 Fecha de ejecución: 2025-06-17 15:46:51
📄 Script: 00_07_postgres.sh
═══════════════════════════════════════════
🔍 Verificando PostgreSQL...
📦 Instalando dependencias...
⚠️ Borrando base de datos existente: mydatabase
[7;30m✅ Base de datos y usuario listos.[0m

📅 Fecha de ejecución: 2025-06-17 19:19:29
📄 Script: 00_07_postgres.sh
═══════════════════════════════════════════
🔍 Verificando PostgreSQL...
📦 Instalando dependencias...
⚠️ Borrando base de datos existente: mydatabase
[7;30m✅ Base de datos y usuario listos.[0m

📅 Fecha de ejecución: 2025-06-17 19:23:59
📄 Script: 00_07_postgres.sh
═══════════════════════════════════════════
🔍 Verificando PostgreSQL...
📦 Instalando dependencias...
⚠️ Borrando base de datos existente: mydatabase
[7;30m✅ Base de datos y usuario listos.[0m

📅 Fecha de ejecución: 2025-06-17 19:44:59
📄 Script: 00_07_postgres.sh
═══════════════════════════════════════════
🔍 Verificando PostgreSQL...
📦 Instalando dependencias...
⚠️ Borrando base de datos existente: mydatabase
[7;30m✅ Base de datos y usuario listos.[0m

📅 Fecha de ejecución: 2025-06-17 19:48:08
📄 Script: 00_07_postgres.sh
═══════════════════════════════════════════
🔍 Verificando PostgreSQL...
📦 Instalando dependencias...
⚠️ Borrando base de datos existente: mydatabase
[7;30m✅ Base de datos y usuario listos.[0m

❌ Error en línea 113: "bash restore_and_upload_force.sh"
Abortando.

📅 Fecha de ejecución: 2025-06-17 19:50:00
📄 Script: 00_07_postgres.sh
═══════════════════════════════════════════
🔍 Verificando PostgreSQL...
📦 Instalando dependencias...
⚠️ Borrando base de datos existente: mydatabase
[7;30m✅ Base de datos y usuario listos.[0m

❌ Error en línea 113: "bash restore_and_upload_force.sh"
Abortando.

📅 Fecha de ejecución: 2025-06-17 19:50:57
📄 Script: 00_07_postgres.sh
═══════════════════════════════════════════
🔍 Verificando PostgreSQL...
📦 Instalando dependencias...
⚠️ Borrando base de datos existente: mydatabase
[7;30m✅ Base de datos y usuario listos.[0m

📅 Fecha de ejecución: 2025-06-17 19:58:10
📄 Script: 00_07_postgres.sh
═══════════════════════════════════════════
🔍 Verificando PostgreSQL...
📦 Instalando dependencias...
⚠️ Borrando base de datos existente: mydatabase
[7;30m✅ Base de datos y usuario listos.[0m

📅 Fecha de ejecución: 2025-06-17 20:17:28
📄 Script: 00_07_postgres.sh
═══════════════════════════════════════════
🔍 Verificando PostgreSQL...

❌ Error en línea 43: "sudo systemctl enable postgresql"
Abortando.

📅 Fecha de ejecución: 2025-06-17 20:21:10
📄 Script: 00_07_postgres.sh
═══════════════════════════════════════════
🔍 Verificando PostgreSQL...
📦 Instalando dependencias...
⚠️ Borrando base de datos existente: mydatabase
[7;30m✅ Base de datos y usuario listos.[0m

📅 Fecha de ejecución: 2025-06-17 20:38:09
📄 Script: 00_07_postgres.sh
═══════════════════════════════════════════
🔍 Verificando PostgreSQL...
📦 Instalando dependencias...
⚠️ Borrando base de datos existente: mydatabase
[7;30m✅ Base de datos y usuario listos.[0m

📅 Fecha de ejecución: 2025-06-17 20:40:43
📄 Script: 00_07_postgres.sh
═══════════════════════════════════════════
🔍 Verificando PostgreSQL...
📦 Instalando dependencias...
⚠️ Borrando base de datos existente: mydatabase
[7;30m✅ Base de datos y usuario listos.[0m

📅 Fecha de ejecución: 2025-06-17 20:43:17
📄 Script: 00_07_postgres.sh
═══════════════════════════════════════════
🔍 Verificando PostgreSQL...
📦 Instalando dependencias...
⚠️ Borrando base de datos existente: mydatabase
[7;30m✅ Base de datos y usuario listos.[0m

📅 Fecha de ejecución: 2025-06-17 22:11:09
📄 Script: 00_07_postgres.sh
═══════════════════════════════════════════
🔍 Verificando PostgreSQL...
📦 Instalando dependencias...
⚠️ Borrando base de datos existente: mydatabase
[7;30m✅ Base de datos y usuario listos.[0m

📅 Fecha de ejecución: 2025-06-17 22:18:07
📄 Script: 00_07_postgres.sh
═══════════════════════════════════════════
🔍 Verificando PostgreSQL...
📦 Instalando dependencias...
⚠️ Borrando base de datos existente: mydatabase
[7;30m✅ Base de datos y usuario listos.[0m

📅 Fecha de ejecución: 2025-06-17 22:23:13
📄 Script: 00_07_postgres.sh
═══════════════════════════════════════════
🔍 Verificando PostgreSQL...
📦 Instalando dependencias...
⚠️ Borrando base de datos existente: mydatabase
[7;30m✅ Base de datos y usuario listos.[0m

📅 Fecha de ejecución: 2025-06-17 22:46:30
📄 Script: 00_07_postgres.sh
═══════════════════════════════════════════
🔍 Verificando PostgreSQL...
📦 Instalando dependencias...
⚠️ Borrando base de datos existente: mydatabase
[7;30m✅ Base de datos y usuario listos.[0m

📅 Fecha de ejecución: 2025-06-17 23:09:01
📄 Script: 00_07_postgres.sh
═══════════════════════════════════════════
🔍 Verificando PostgreSQL...
📦 Instalando dependencias...
⚠️ Borrando base de datos existente: mydatabase
[7;30m✅ Base de datos y usuario listos.[0m

📅 Fecha de ejecución: 2025-06-17 23:56:14
📄 Script: 00_07_postgres.sh
═══════════════════════════════════════════
🔍 Verificando PostgreSQL...
📦 Instalando dependencias...
⚠️ Borrando base de datos existente: mydatabase
[7;30m✅ Base de datos y usuario listos.[0m

📅 Fecha de ejecución: 2025-06-18 00:08:10
📄 Script: 00_07_postgres.sh
═══════════════════════════════════════════
🔍 Verificando PostgreSQL...
📦 Instalando dependencias...
⚠️ Borrando base de datos existente: mydatabase
[7;30m✅ Base de datos y usuario listos.[0m

📅 Fecha de ejecución: 2025-06-18 00:15:33
📄 Script: 00_07_postgres.sh
═══════════════════════════════════════════
🔍 Verificando PostgreSQL...
📦 Instalando dependencias...
⚠️ Borrando base de datos existente: mydatabase
[7;30m✅ Base de datos y usuario listos.[0m

📅 Fecha de ejecución: 2025-06-18 00:34:22
📄 Script: 00_07_postgres.sh
═══════════════════════════════════════════
🔍 Verificando PostgreSQL...
📦 Instalando dependencias...
⚠️ Borrando base de datos existente: mydatabase
[7;30m✅ Base de datos y usuario listos.[0m

📅 Fecha de ejecución: 2025-06-18 00:36:13
📄 Script: 00_07_postgres.sh
═══════════════════════════════════════════
🔍 Verificando PostgreSQL...
📦 Instalando dependencias...
⚠️ Borrando base de datos existente: mydatabase
[7;30m✅ Base de datos y usuario listos.[0m

📅 Fecha de ejecución: 2025-06-18 01:16:36
📄 Script: 00_07_postgres.sh
═══════════════════════════════════════════
🔍 Verificando PostgreSQL...
📦 Instalando dependencias...
⚠️ Borrando base de datos existente: mydatabase
[7;30m✅ Base de datos y usuario listos.[0m

📅 Fecha de ejecución: 2025-06-19 09:53:50
📄 Script: 00_07_postgres.sh
═══════════════════════════════════════════
🔍 Verificando PostgreSQL...
📦 Instalando dependencias...
⚠️ Borrando base de datos existente: mydatabase
[7;30m✅ Base de datos y usuario listos.[0m

📅 Fecha de ejecución: 2025-06-19 10:03:37
📄 Script: 00_07_postgres.sh
═══════════════════════════════════════════
🔍 Verificando PostgreSQL...
📦 Instalando dependencias...
⚠️ Borrando base de datos existente: mydatabase
[7;30m✅ Base de datos y usuario listos.[0m

📅 Fecha de ejecución: 2025-06-19 17:47:37
📄 Script: 00_07_postgres.sh
═══════════════════════════════════════════
🔍 Verificando PostgreSQL...
📦 Instalando dependencias...
⚠️ Borrando base de datos existente: mydatabase
[7;30m✅ Base de datos y usuario listos.[0m

📅 Fecha de ejecución: 2025-06-20 00:29:43
📄 Script: 00_07_postgres.sh
═══════════════════════════════════════════
🔍 Verificando PostgreSQL...
📦 Instalando dependencias...
⚠️ Borrando base de datos existente: mydatabase
[7;30m✅ Base de datos y usuario listos.[0m

📅 Fecha de ejecución: 2025-06-20 00:56:51
📄 Script: 00_07_postgres.sh
═══════════════════════════════════════════
🔍 Verificando PostgreSQL...
📦 Instalando dependencias...
⚠️ Borrando base de datos existente: mydatabase
[7;30m✅ Base de datos y usuario listos.[0m

📅 Fecha de ejecución: 2025-06-20 01:18:35
📄 Script: 00_07_postgres.sh
═══════════════════════════════════════════
🔍 Verificando PostgreSQL...
📦 Instalando dependencias...
⚠️ Borrando base de datos existente: mydatabase

❌ Error en línea 99: "sudo -u postgres psql -c "SELECT pg_terminate_backend(pid) FROM pg_stat_activity WHERE datname = '${DB_NAME}';""
Abortando.

📅 Fecha de ejecución: 2025-06-20 01:22:46
📄 Script: 00_07_postgres.sh
═══════════════════════════════════════════
🔍 Verificando PostgreSQL...
📦 Instalando dependencias...
⚠️ Borrando base de datos existente: mydatabase
[7;30m✅ Base de datos y usuario listos.[0m

📅 Fecha de ejecución: 2025-06-20 01:38:13
📄 Script: 00_07_postgres.sh
═══════════════════════════════════════════
🔍 Verificando PostgreSQL...
📦 Instalando dependencias...
⚠️ Borrando base de datos existente: mydatabase
[7;30m✅ Base de datos y usuario listos.[0m

📅 Fecha de ejecución: 2025-06-20 01:51:24
📄 Script: 00_07_postgres.sh
═══════════════════════════════════════════
🔍 Verificando PostgreSQL...
📦 Instalando dependencias...
⚠️ Borrando base de datos existente: mydatabase
[7;30m✅ Base de datos y usuario listos.[0m

📅 Fecha de ejecución: 2025-06-20 02:08:48
📄 Script: 00_07_postgres.sh
═══════════════════════════════════════════
🔍 Verificando PostgreSQL...
📦 Instalando dependencias...
⚠️ Borrando base de datos existente: mydatabase
[7;30m✅ Base de datos y usuario listos.[0m

📅 Fecha de ejecución: 2025-06-20 02:35:38
📄 Script: 00_07_postgres.sh
═══════════════════════════════════════════
🔍 Verificando PostgreSQL...
📦 Instalando dependencias...
⚠️ Borrando base de datos existente: mydatabase
[7;30m✅ Base de datos y usuario listos.[0m

📅 Fecha de ejecución: 2025-06-20 04:06:49
📄 Script: 00_07_postgres.sh
═══════════════════════════════════════════
🔍 Verificando PostgreSQL...
📦 Instalando dependencias...
⚠️ Borrando base de datos existente: mydatabase
[7;30m✅ Base de datos y usuario listos.[0m

📅 Fecha de ejecución: 2025-06-20 04:19:26
📄 Script: 00_07_postgres.sh
═══════════════════════════════════════════
🔍 Verificando PostgreSQL...
📦 Instalando dependencias...
⚠️ Borrando base de datos existente: mydatabase
[7;30m✅ Base de datos y usuario listos.[0m

📅 Fecha de ejecución: 2025-06-20 05:35:30
📄 Script: 00_07_postgres.sh
═══════════════════════════════════════════
🔍 Verificando PostgreSQL...
📦 Instalando dependencias...
⚠️ Borrando base de datos existente: mydatabase
[7;30m✅ Base de datos y usuario listos.[0m

📅 Fecha de ejecución: 2025-06-20 20:14:04
📄 Script: 00_07_postgres.sh
═══════════════════════════════════════════
🔍 Verificando PostgreSQL...
📦 Instalando dependencias...
⚠️ Borrando base de datos existente: mydatabase
[7;30m✅ Base de datos y usuario listos.[0m

📅 Fecha de ejecución: 2025-06-20 20:22:16
📄 Script: 00_07_postgres.sh
═══════════════════════════════════════════
🔍 Verificando PostgreSQL...
📦 Instalando dependencias...
⚠️ Borrando base de datos existente: mydatabase
[7;30m✅ Base de datos y usuario listos.[0m

📅 Fecha de ejecución: 2025-06-21 02:25:39
📄 Script: 00_07_postgres.sh
═══════════════════════════════════════════
🔍 Verificando PostgreSQL...
📦 Instalando dependencias...
⚠️ Borrando base de datos existente: mydatabase
[7;30m✅ Base de datos y usuario listos.[0m

📅 Fecha de ejecución: 2025-06-21 02:57:42
📄 Script: 00_07_postgres.sh
═══════════════════════════════════════════
🔍 Verificando PostgreSQL...
📦 Instalando dependencias...
⚠️ Borrando base de datos existente: mydatabase
[7;30m✅ Base de datos y usuario listos.[0m

📅 Fecha de ejecución: 2025-06-21 03:59:34
📄 Script: 00_07_postgres.sh
═══════════════════════════════════════════
🔍 Verificando PostgreSQL...
📦 Instalando dependencias...
⚠️ Borrando base de datos existente: mydatabase
[7;30m✅ Base de datos y usuario listos.[0m

📅 Fecha de ejecución: 2025-06-21 06:55:02
📄 Script: 00_07_postgres.sh
═══════════════════════════════════════════
🔍 Verificando PostgreSQL...
📦 Instalando dependencias...
⚠️ Borrando base de datos existente: mydatabase
[7;30m✅ Base de datos y usuario listos.[0m

📅 Fecha de ejecución: 2025-06-21 08:28:13
📄 Script: 00_07_postgres.sh
═══════════════════════════════════════════
🔍 Verificando PostgreSQL...
📦 Instalando dependencias...
⚠️ Borrando base de datos existente: mydatabase
[7;30m✅ Base de datos y usuario listos.[0m

📅 Fecha de ejecución: 2025-06-21 10:00:50
📄 Script: 00_07_postgres.sh
═══════════════════════════════════════════
🔍 Verificando PostgreSQL...
📦 Instalando dependencias...
⚠️ Borrando base de datos existente: mydatabase
[7;30m✅ Base de datos y usuario listos.[0m

📅 Fecha de ejecución: 2025-06-21 20:30:54
📄 Script: 00_07_postgres.sh
═══════════════════════════════════════════
🔍 Verificando PostgreSQL...
📦 Instalando dependencias...
⚠️ Borrando base de datos existente: mydatabase
[7;30m✅ Base de datos y usuario listos.[0m

📅 Fecha de ejecución: 2025-06-21 21:23:37
📄 Script: 00_07_postgres.sh
═══════════════════════════════════════════
🔍 Verificando PostgreSQL...
📦 Instalando dependencias...
⚠️ Borrando base de datos existente: mydatabase
[7;30m✅ Base de datos y usuario listos.[0m

📅 Fecha de ejecución: 2025-06-22 03:11:47
📄 Script: 00_07_postgres.sh
═══════════════════════════════════════════
🔍 Verificando PostgreSQL...
📦 Instalando dependencias...
⚠️ Borrando base de datos existente: mydatabase
[7;30m✅ Base de datos y usuario listos.[0m

📅 Fecha de ejecución: 2025-06-22 03:34:24
📄 Script: 00_07_postgres.sh
═══════════════════════════════════════════
🔍 Verificando PostgreSQL...
📦 Instalando dependencias...
⚠️ Borrando base de datos existente: mydatabase
[7;30m✅ Base de datos y usuario listos.[0m

📅 Fecha de ejecución: 2025-06-22 04:16:12
📄 Script: 00_07_postgres.sh
═══════════════════════════════════════════
🔍 Verificando PostgreSQL...
📦 Instalando dependencias...
⚠️ Borrando base de datos existente: mydatabase
[7;30m✅ Base de datos y usuario listos.[0m

📅 Fecha de ejecución: 2025-06-23 00:54:11
📄 Script: 00_07_postgres.sh
═══════════════════════════════════════════
🔍 Verificando PostgreSQL...
📦 Instalando dependencias...
⚠️ Borrando base de datos existente: mydatabase
[7;30m✅ Base de datos y usuario listos.[0m

📅 Fecha de ejecución: 2025-06-23 01:03:14
📄 Script: 00_07_postgres.sh
═══════════════════════════════════════════
🔍 Verificando PostgreSQL...
📦 Instalando dependencias...
⚠️ Borrando base de datos existente: mydatabase
[7;30m✅ Base de datos y usuario listos.[0m

📅 Fecha de ejecución: 2025-06-23 01:16:42
📄 Script: 00_07_postgres.sh
═══════════════════════════════════════════
🔍 Verificando PostgreSQL...
📦 Instalando dependencias...
⚠️ Borrando base de datos existente: mydatabase
[7;30m✅ Base de datos y usuario listos.[0m

📅 Fecha de ejecución: 2025-06-23 01:24:04
📄 Script: 00_07_postgres.sh
═══════════════════════════════════════════
🔍 Verificando PostgreSQL...
📦 Instalando dependencias...
⚠️ Borrando base de datos existente: mydatabase
[7;30m✅ Base de datos y usuario listos.[0m

📅 Fecha de ejecución: 2025-06-23 02:41:53
📄 Script: 00_07_postgres.sh
═══════════════════════════════════════════
🔍 Verificando PostgreSQL...
📦 Instalando dependencias...
⚠️ Borrando base de datos existente: mydatabase
[7;30m✅ Base de datos y usuario listos.[0m

📅 Fecha de ejecución: 2025-06-23 02:55:11
📄 Script: 00_07_postgres.sh
═══════════════════════════════════════════
🔍 Verificando PostgreSQL...
📦 Instalando dependencias...
⚠️ Borrando base de datos existente: mydatabase
[7;30m✅ Base de datos y usuario listos.[0m

📅 Fecha de ejecución: 2025-06-23 03:02:44
📄 Script: 00_07_postgres.sh
═══════════════════════════════════════════
🔍 Verificando PostgreSQL...
📦 Instalando dependencias...
⚠️ Borrando base de datos existente: mydatabase
[7;30m✅ Base de datos y usuario listos.[0m

📅 Fecha de ejecución: 2025-06-23 06:45:33
📄 Script: 00_07_postgres.sh
═══════════════════════════════════════════
🔍 Verificando PostgreSQL...
📦 Instalando dependencias...
⚠️ Borrando base de datos existente: mydatabase
[7;30m✅ Base de datos y usuario listos.[0m

📅 Fecha de ejecución: 2025-06-23 07:09:30
📄 Script: 00_07_postgres.sh
═══════════════════════════════════════════
🔍 Verificando PostgreSQL...
📦 Instalando dependencias...
⚠️ Borrando base de datos existente: mydatabase
[7;30m✅ Base de datos y usuario listos.[0m

📅 Fecha de ejecución: 2025-06-23 07:36:06
📄 Script: 00_07_postgres.sh
═══════════════════════════════════════════
🔍 Verificando PostgreSQL...
📦 Instalando dependencias...
⚠️ Borrando base de datos existente: mydatabase
[7;30m✅ Base de datos y usuario listos.[0m

📅 Fecha de ejecución: 2025-06-23 07:54:32
📄 Script: 00_07_postgres.sh
═══════════════════════════════════════════
🔍 Verificando PostgreSQL...
📦 Instalando dependencias...
⚠️ Borrando base de datos existente: mydatabase
[7;30m✅ Base de datos y usuario listos.[0m

📅 Fecha de ejecución: 2025-06-23 08:06:33
📄 Script: 00_07_postgres.sh
═══════════════════════════════════════════
🔍 Verificando PostgreSQL...
📦 Instalando dependencias...
⚠️ Borrando base de datos existente: mydatabase
[7;30m✅ Base de datos y usuario listos.[0m

📅 Fecha de ejecución: 2025-06-23 08:31:44
📄 Script: 00_07_postgres.sh
═══════════════════════════════════════════
🔍 Verificando PostgreSQL...
📦 Instalando dependencias...
⚠️ Borrando base de datos existente: mydatabase
[7;30m✅ Base de datos y usuario listos.[0m

📅 Fecha de ejecución: 2025-06-23 08:44:53
📄 Script: 00_07_postgres.sh
═══════════════════════════════════════════
🔍 Verificando PostgreSQL...
📦 Instalando dependencias...
⚠️ Borrando base de datos existente: mydatabase
[7;30m✅ Base de datos y usuario listos.[0m

📅 Fecha de ejecución: 2025-06-23 08:49:00
📄 Script: 00_07_postgres.sh
═══════════════════════════════════════════
🔍 Verificando PostgreSQL...
📦 Instalando dependencias...
⚠️ Borrando base de datos existente: mydatabase
[7;30m✅ Base de datos y usuario listos.[0m

📅 Fecha de ejecución: 2025-06-23 09:01:02
📄 Script: 00_07_postgres.sh
═══════════════════════════════════════════
🔍 Verificando PostgreSQL...
📦 Instalando dependencias...
⚠️ Borrando base de datos existente: mydatabase
[7;30m✅ Base de datos y usuario listos.[0m

📅 Fecha de ejecución: 2025-06-23 09:15:50
📄 Script: 00_07_postgres.sh
═══════════════════════════════════════════
🔍 Verificando PostgreSQL...
📦 Instalando dependencias...
⚠️ Borrando base de datos existente: mydatabase
[7;30m✅ Base de datos y usuario listos.[0m

📅 Fecha de ejecución: 2025-06-24 03:46:43
📄 Script: 00_07_postgres.sh
═══════════════════════════════════════════
🔍 Verificando PostgreSQL...
📦 Instalando dependencias...
⚠️ Borrando base de datos existente: mydatabase
[7;30m✅ Base de datos y usuario listos.[0m

📅 Fecha de ejecución: 2025-06-24 04:05:38
📄 Script: 00_07_postgres.sh
═══════════════════════════════════════════
🔍 Verificando PostgreSQL...
📦 Instalando dependencias...
⚠️ Borrando base de datos existente: mydatabase
[7;30m✅ Base de datos y usuario listos.[0m

📅 Fecha de ejecución: 2025-06-25 00:14:43
📄 Script: 00_07_postgres.sh
═══════════════════════════════════════════
🔍 Verificando PostgreSQL...
📦 Instalando dependencias...
⚠️ Borrando base de datos existente: mydatabase
[7;30m✅ Base de datos y usuario listos.[0m

📅 Fecha de ejecución: 2025-06-25 00:49:54
📄 Script: 00_07_postgres.sh
═══════════════════════════════════════════
🔍 Verificando PostgreSQL...
📦 Instalando dependencias...
⚠️ Borrando base de datos existente: mydatabase
[7;30m✅ Base de datos y usuario listos.[0m

📅 Fecha de ejecución: 2025-06-25 01:27:15
📄 Script: 00_07_postgres.sh
═══════════════════════════════════════════
🔍 Verificando PostgreSQL...
📦 Instalando dependencias...
⚠️ Borrando base de datos existente: mydatabase
[7;30m✅ Base de datos y usuario listos.[0m

📅 Fecha de ejecución: 2025-06-25 01:34:52
📄 Script: 00_07_postgres.sh
═══════════════════════════════════════════
🔍 Verificando PostgreSQL...
📦 Instalando dependencias...
⚠️ Borrando base de datos existente: mydatabase
[7;30m✅ Base de datos y usuario listos.[0m

📅 Fecha de ejecución: 2025-06-25 02:07:05
📄 Script: 00_07_postgres.sh
═══════════════════════════════════════════
🔍 Verificando PostgreSQL...
📦 Instalando dependencias...
⚠️ Borrando base de datos existente: mydatabase
[7;30m✅ Base de datos y usuario listos.[0m

📅 Fecha de ejecución: 2025-06-25 03:03:19
📄 Script: 00_07_postgres.sh
═══════════════════════════════════════════
🔍 Verificando PostgreSQL...
📦 Instalando dependencias...
⚠️ Borrando base de datos existente: mydatabase
[7;30m✅ Base de datos y usuario listos.[0m

📅 Fecha de ejecución: 2025-06-25 06:42:29
📄 Script: 00_07_postgres.sh
═══════════════════════════════════════════
🔍 Verificando PostgreSQL...
📦 Instalando dependencias...
⚠️ Borrando base de datos existente: mydatabase
[7;30m✅ Base de datos y usuario listos.[0m

📅 Fecha de ejecución: 2025-06-25 07:03:31
📄 Script: 00_07_postgres.sh
═══════════════════════════════════════════
🔍 Verificando PostgreSQL...
📦 Instalando dependencias...
⚠️ Borrando base de datos existente: mydatabase
[7;30m✅ Base de datos y usuario listos.[0m

📅 Fecha de ejecución: 2025-06-25 07:17:58
📄 Script: 00_07_postgres.sh
═══════════════════════════════════════════
🔍 Verificando PostgreSQL...
📦 Instalando dependencias...
⚠️ Borrando base de datos existente: mydatabase
[7;30m✅ Base de datos y usuario listos.[0m

📅 Fecha de ejecución: 2025-06-25 08:22:40
📄 Script: 00_07_postgres.sh
═══════════════════════════════════════════
🔍 Verificando PostgreSQL...
📦 Instalando dependencias...
⚠️ Borrando base de datos existente: mydatabase
[7;30m✅ Base de datos y usuario listos.[0m

📅 Fecha de ejecución: 2025-06-25 08:38:17
📄 Script: 00_07_postgres.sh
═══════════════════════════════════════════
🔍 Verificando PostgreSQL...
📦 Instalando dependencias...
⚠️ Borrando base de datos existente: mydatabase
[7;30m✅ Base de datos y usuario listos.[0m

📅 Fecha de ejecución: 2025-06-25 09:01:29
📄 Script: 00_07_postgres.sh
═══════════════════════════════════════════
🔍 Verificando PostgreSQL...
📦 Instalando dependencias...
⚠️ Borrando base de datos existente: mydatabase
[7;30m✅ Base de datos y usuario listos.[0m

📅 Fecha de ejecución: 2025-06-25 10:01:24
📄 Script: 00_07_postgres.sh
═══════════════════════════════════════════
🔍 Verificando PostgreSQL...
📦 Instalando dependencias...
⚠️ Borrando base de datos existente: mydatabase
[7;30m✅ Base de datos y usuario listos.[0m

📅 Fecha de ejecución: 2025-06-25 10:13:03
📄 Script: 00_07_postgres.sh
═══════════════════════════════════════════
🔍 Verificando PostgreSQL...
📦 Instalando dependencias...
⚠️ Borrando base de datos existente: mydatabase
[7;30m✅ Base de datos y usuario listos.[0m

📅 Fecha de ejecución: 2025-06-25 22:37:23
📄 Script: 00_07_postgres.sh
═══════════════════════════════════════════
🔍 Verificando PostgreSQL...
📦 Instalando dependencias...
⚠️ Borrando base de datos existente: mydatabase
[7;30m✅ Base de datos y usuario listos.[0m

📅 Fecha de ejecución: 2025-06-26 00:25:14
📄 Script: 00_07_postgres.sh
═══════════════════════════════════════════
🔍 Verificando PostgreSQL...
📦 Instalando dependencias...
⚠️ Borrando base de datos existente: mydatabase
[7;30m✅ Base de datos y usuario listos.[0m

📅 Fecha de ejecución: 2025-06-26 07:21:11
📄 Script: 00_07_postgres.sh
═══════════════════════════════════════════
🔍 Verificando PostgreSQL...
📦 Instalando dependencias...
⚠️ Borrando base de datos existente: mydatabase
[7;30m✅ Base de datos y usuario listos.[0m

📅 Fecha de ejecución: 2025-06-26 07:35:08
📄 Script: 00_07_postgres.sh
═══════════════════════════════════════════
🔍 Verificando PostgreSQL...
📦 Instalando dependencias...
⚠️ Borrando base de datos existente: mydatabase
[7;30m✅ Base de datos y usuario listos.[0m

📅 Fecha de ejecución: 2025-06-26 07:54:16
📄 Script: 00_07_postgres.sh
═══════════════════════════════════════════
🔍 Verificando PostgreSQL...
📦 Instalando dependencias...
⚠️ Borrando base de datos existente: mydatabase
[7;30m✅ Base de datos y usuario listos.[0m

📅 Fecha de ejecución: 2025-06-26 09:01:50
📄 Script: 00_07_postgres.sh
═══════════════════════════════════════════
🔍 Verificando PostgreSQL...
📦 Instalando dependencias...
⚠️ Borrando base de datos existente: mydatabase
[7;30m✅ Base de datos y usuario listos.[0m

📅 Fecha de ejecución: 2025-06-26 20:03:52
📄 Script: 00_07_postgres.sh
═══════════════════════════════════════════
🔍 Verificando PostgreSQL...
📦 Instalando dependencias...
⚠️ Borrando base de datos existente: mydatabase
[7;30m✅ Base de datos y usuario listos.[0m

📅 Fecha de ejecución: 2025-06-26 20:50:47
📄 Script: 00_07_postgres.sh
═══════════════════════════════════════════
🔍 Verificando PostgreSQL...
📦 Instalando dependencias...
⚠️ Borrando base de datos existente: mydatabase
[7;30m✅ Base de datos y usuario listos.[0m

📅 Fecha de ejecución: 2025-06-26 21:38:55
📄 Script: 00_07_postgres.sh
═══════════════════════════════════════════
🔍 Verificando PostgreSQL...
📦 Instalando dependencias...
⚠️ Borrando base de datos existente: mydatabase
[7;30m✅ Base de datos y usuario listos.[0m

📅 Fecha de ejecución: 2025-06-26 22:51:02
📄 Script: 00_07_postgres.sh
═══════════════════════════════════════════
🔍 Verificando PostgreSQL...
📦 Instalando dependencias...
⚠️ Borrando base de datos existente: mydatabase
[7;30m✅ Base de datos y usuario listos.[0m

📅 Fecha de ejecución: 2025-06-26 23:20:24
📄 Script: 00_07_postgres.sh
═══════════════════════════════════════════
🔍 Verificando PostgreSQL...
📦 Instalando dependencias...
⚠️ Borrando base de datos existente: mydatabase
[7;30m✅ Base de datos y usuario listos.[0m

📅 Fecha de ejecución: 2025-06-27 02:04:06
📄 Script: 00_07_postgres.sh
═══════════════════════════════════════════
🔍 Verificando PostgreSQL...
📦 Instalando dependencias...
⚠️ Borrando base de datos existente: mydatabase
[7;30m✅ Base de datos y usuario listos.[0m

📅 Fecha de ejecución: 2025-06-27 02:34:11
📄 Script: 00_07_postgres.sh
═══════════════════════════════════════════
🔍 Verificando PostgreSQL...
📦 Instalando dependencias...
⚠️ Borrando base de datos existente: mydatabase
[7;30m✅ Base de datos y usuario listos.[0m

📅 Fecha de ejecución: 2025-06-27 02:57:06
📄 Script: 00_07_postgres.sh
═══════════════════════════════════════════
🔍 Verificando PostgreSQL...
📦 Instalando dependencias...
⚠️ Borrando base de datos existente: mydatabase
[7;30m✅ Base de datos y usuario listos.[0m

📅 Fecha de ejecución: 2025-06-27 06:12:59
📄 Script: 00_07_postgres.sh
═══════════════════════════════════════════
🔍 Verificando PostgreSQL...
📦 Instalando dependencias...
⚠️ Borrando base de datos existente: mydatabase
[7;30m✅ Base de datos y usuario listos.[0m

📅 Fecha de ejecución: 2025-06-27 07:14:38
📄 Script: 00_07_postgres.sh
═══════════════════════════════════════════
🔍 Verificando PostgreSQL...
📦 Instalando dependencias...
⚠️ Borrando base de datos existente: mydatabase
[7;30m✅ Base de datos y usuario listos.[0m

📅 Fecha de ejecución: 2025-06-28 19:31:29
📄 Script: 00_07_postgres.sh
═══════════════════════════════════════════
🔍 Verificando PostgreSQL...
📦 Instalando dependencias...
⚠️ Borrando base de datos existente: mydatabase
[7;30m✅ Base de datos y usuario listos.[0m

📅 Fecha de ejecución: 2025-06-28 19:38:27
📄 Script: 00_07_postgres.sh
═══════════════════════════════════════════
🔍 Verificando PostgreSQL...

❌ Error en línea 66: "pip install --upgrade pip"
Abortando.

📅 Fecha de ejecución: 2025-06-28 20:10:51
📄 Script: 00_07_postgres.sh
═══════════════════════════════════════════
🔍 Verificando PostgreSQL...
📦 Instalando dependencias...
⚠️ Borrando base de datos existente: mydatabase
[7;30m✅ Base de datos y usuario listos.[0m

📅 Fecha de ejecución: 2025-06-28 22:11:59
📄 Script: 00_07_postgres.sh
═══════════════════════════════════════════
🔍 Verificando PostgreSQL...
📦 Instalando dependencias...
⚠️ Borrando base de datos existente: mydatabase
[7;30m✅ Base de datos y usuario listos.[0m

📅 Fecha de ejecución: 2025-06-28 23:29:52
📄 Script: 00_07_postgres.sh
═══════════════════════════════════════════
🔍 Verificando PostgreSQL...
📦 Instalando dependencias...
⚠️ Borrando base de datos existente: mydatabase
[7;30m✅ Base de datos y usuario listos.[0m

📅 Fecha de ejecución: 2025-06-28 23:45:06
📄 Script: 00_07_postgres.sh
═══════════════════════════════════════════
🔍 Verificando PostgreSQL...
📦 Instalando dependencias...
⚠️ Borrando base de datos existente: mydatabase
[7;30m✅ Base de datos y usuario listos.[0m

📅 Fecha de ejecución: 2025-06-28 23:51:49
📄 Script: 00_07_postgres.sh
═══════════════════════════════════════════
🔍 Verificando PostgreSQL...
📦 Instalando dependencias...
⚠️ Borrando base de datos existente: mydatabase
[7;30m✅ Base de datos y usuario listos.[0m

📅 Fecha de ejecución: 2025-06-28 23:59:06
📄 Script: 00_07_postgres.sh
═══════════════════════════════════════════
🔍 Verificando PostgreSQL...
📦 Instalando dependencias...
⚠️ Borrando base de datos existente: mydatabase
[7;30m✅ Base de datos y usuario listos.[0m

📅 Fecha de ejecución: 2025-06-29 00:07:20
📄 Script: 00_07_postgres.sh
═══════════════════════════════════════════
🔍 Verificando PostgreSQL...
📦 Instalando dependencias...
⚠️ Borrando base de datos existente: mydatabase
[7;30m✅ Base de datos y usuario listos.[0m

📅 Fecha de ejecución: 2025-06-29 00:15:06
📄 Script: 00_07_postgres.sh
═══════════════════════════════════════════
🔍 Verificando PostgreSQL...
📦 Instalando dependencias...
⚠️ Borrando base de datos existente: mydatabase
[7;30m✅ Base de datos y usuario listos.[0m

📅 Fecha de ejecución: 2025-06-29 00:24:09
📄 Script: 00_07_postgres.sh
═══════════════════════════════════════════
🔍 Verificando PostgreSQL...
📦 Instalando dependencias...
⚠️ Borrando base de datos existente: mydatabase
[7;30m✅ Base de datos y usuario listos.[0m

📅 Fecha de ejecución: 2025-06-29 00:32:17
📄 Script: 00_07_postgres.sh
═══════════════════════════════════════════
🔍 Verificando PostgreSQL...
📦 Instalando dependencias...
⚠️ Borrando base de datos existente: mydatabase
[7;30m✅ Base de datos y usuario listos.[0m

📅 Fecha de ejecución: 2025-06-29 00:38:56
📄 Script: 00_07_postgres.sh
═══════════════════════════════════════════
🔍 Verificando PostgreSQL...
📦 Instalando dependencias...
⚠️ Borrando base de datos existente: mydatabase
[7;30m✅ Base de datos y usuario listos.[0m

📅 Fecha de ejecución: 2025-06-29 00:49:37
📄 Script: 00_07_postgres.sh
═══════════════════════════════════════════
🔍 Verificando PostgreSQL...
📦 Instalando dependencias...
⚠️ Borrando base de datos existente: mydatabase
[7;30m✅ Base de datos y usuario listos.[0m

📅 Fecha de ejecución: 2025-06-29 01:00:09
📄 Script: 00_07_postgres.sh
═══════════════════════════════════════════
🔍 Verificando PostgreSQL...
📦 Instalando dependencias...
⚠️ Borrando base de datos existente: mydatabase
[7;30m✅ Base de datos y usuario listos.[0m

📅 Fecha de ejecución: 2025-06-29 01:38:43
📄 Script: 00_07_postgres.sh
═══════════════════════════════════════════
🔍 Verificando PostgreSQL...
📦 Instalando dependencias...
⚠️ Borrando base de datos existente: mydatabase
[7;30m✅ Base de datos y usuario listos.[0m

📅 Fecha de ejecución: 2025-06-29 02:01:49
📄 Script: 00_07_postgres.sh
═══════════════════════════════════════════
🔍 Verificando PostgreSQL...
📦 Instalando dependencias...
⚠️ Borrando base de datos existente: mydatabase
[7;30m✅ Base de datos y usuario listos.[0m

📅 Fecha de ejecución: 2025-06-29 02:40:15
📄 Script: 00_07_postgres.sh
═══════════════════════════════════════════
🔍 Verificando PostgreSQL...
📦 Instalando dependencias...
⚠️ Borrando base de datos existente: mydatabase
[7;30m✅ Base de datos y usuario listos.[0m

📅 Fecha de ejecución: 2025-06-29 02:59:27
📄 Script: 00_07_postgres.sh
═══════════════════════════════════════════
🔍 Verificando PostgreSQL...
📦 Instalando dependencias...
⚠️ Borrando base de datos existente: mydatabase
[7;30m✅ Base de datos y usuario listos.[0m

📅 Fecha de ejecución: 2025-06-29 03:04:17
📄 Script: 00_07_postgres.sh
═══════════════════════════════════════════
🔍 Verificando PostgreSQL...
📦 Instalando dependencias...
⚠️ Borrando base de datos existente: mydatabase
[7;30m✅ Base de datos y usuario listos.[0m

📅 Fecha de ejecución: 2025-06-29 04:04:54
📄 Script: 00_07_postgres.sh
═══════════════════════════════════════════
🔍 Verificando PostgreSQL...
📦 Instalando dependencias...
⚠️ Borrando base de datos existente: mydatabase
[7;30m✅ Base de datos y usuario listos.[0m

📅 Fecha de ejecución: 2025-06-29 07:52:22
📄 Script: 00_07_postgres.sh
═══════════════════════════════════════════
🔍 Verificando PostgreSQL...
📦 Instalando dependencias...
⚠️ Borrando base de datos existente: mydatabase
[7;30m✅ Base de datos y usuario listos.[0m

📅 Fecha de ejecución: 2025-06-29 08:55:16
📄 Script: 00_07_postgres.sh
═══════════════════════════════════════════
🔍 Verificando PostgreSQL...
📦 Instalando dependencias...
⚠️ Borrando base de datos existente: mydatabase
[7;30m✅ Base de datos y usuario listos.[0m

📅 Fecha de ejecución: 2025-06-29 08:58:15
📄 Script: 00_07_postgres.sh
═══════════════════════════════════════════
🔍 Verificando PostgreSQL...
📦 Instalando dependencias...
⚠️ Borrando base de datos existente: mydatabase
[7;30m✅ Base de datos y usuario listos.[0m

📅 Fecha de ejecución: 2025-06-29 18:34:37
📄 Script: 00_07_postgres.sh
═══════════════════════════════════════════
🔍 Verificando PostgreSQL...
📦 Instalando dependencias...
⚠️ Borrando base de datos existente: mydatabase
[7;30m✅ Base de datos y usuario listos.[0m

📅 Fecha de ejecución: 2025-06-30 02:28:32
📄 Script: 00_07_postgres.sh
═══════════════════════════════════════════
🔍 Verificando PostgreSQL...
📦 Instalando dependencias...
⚠️ Borrando base de datos existente: mydatabase
[7;30m✅ Base de datos y usuario listos.[0m

📅 Fecha de ejecución: 2025-06-30 04:25:07
📄 Script: 00_07_postgres.sh
═══════════════════════════════════════════
🔍 Verificando PostgreSQL...
📦 Instalando dependencias...
⚠️ Borrando base de datos existente: mydatabase
[7;30m✅ Base de datos y usuario listos.[0m

📅 Fecha de ejecución: 2025-06-30 04:51:19
📄 Script: 00_07_postgres.sh
═══════════════════════════════════════════
🔍 Verificando PostgreSQL...
📦 Instalando dependencias...
⚠️ Borrando base de datos existente: mydatabase
[7;30m✅ Base de datos y usuario listos.[0m

📅 Fecha de ejecución: 2025-06-30 05:58:05
📄 Script: 00_07_postgres.sh
═══════════════════════════════════════════
🔍 Verificando PostgreSQL...
📦 Instalando dependencias...
⚠️ Borrando base de datos existente: mydatabase
[7;30m✅ Base de datos y usuario listos.[0m

📅 Fecha de ejecución: 2025-06-30 06:24:30
📄 Script: 00_07_postgres.sh
═══════════════════════════════════════════
🔍 Verificando PostgreSQL...
📦 Instalando dependencias...
⚠️ Borrando base de datos existente: mydatabase
[7;30m✅ Base de datos y usuario listos.[0m

📅 Fecha de ejecución: 2025-06-30 07:16:25
📄 Script: 00_07_postgres.sh
═══════════════════════════════════════════
🔍 Verificando PostgreSQL...
📦 Instalando dependencias...
⚠️ Borrando base de datos existente: mydatabase
[7;30m✅ Base de datos y usuario listos.[0m

📅 Fecha de ejecución: 2025-06-30 07:34:22
📄 Script: 00_07_postgres.sh
═══════════════════════════════════════════
🔍 Verificando PostgreSQL...
📦 Instalando dependencias...
⚠️ Borrando base de datos existente: mydatabase
[7;30m✅ Base de datos y usuario listos.[0m

📅 Fecha de ejecución: 2025-06-30 08:01:04
📄 Script: 00_07_postgres.sh
═══════════════════════════════════════════
🔍 Verificando PostgreSQL...
📦 Instalando dependencias...
⚠️ Borrando base de datos existente: mydatabase
[7;30m✅ Base de datos y usuario listos.[0m

📅 Fecha de ejecución: 2025-06-30 23:49:10
📄 Script: 00_07_postgres.sh
═══════════════════════════════════════════
🔍 Verificando PostgreSQL...
📦 Instalando dependencias...
⚠️ Borrando base de datos existente: mydatabase
[7;30m✅ Base de datos y usuario listos.[0m

📅 Fecha de ejecución: 2025-06-30 23:56:51
📄 Script: 00_07_postgres.sh
═══════════════════════════════════════════
🔍 Verificando PostgreSQL...
📦 Instalando dependencias...
⚠️ Borrando base de datos existente: mydatabase
[7;30m✅ Base de datos y usuario listos.[0m

📅 Fecha de ejecución: 2025-07-01 00:58:15
📄 Script: 00_07_postgres.sh
═══════════════════════════════════════════
🔍 Verificando PostgreSQL...
📦 Instalando dependencias...
⚠️ Borrando base de datos existente: mydatabase
[7;30m✅ Base de datos y usuario listos.[0m

📅 Fecha de ejecución: 2025-07-01 01:08:20
📄 Script: 00_07_postgres.sh
═══════════════════════════════════════════
🔍 Verificando PostgreSQL...
📦 Instalando dependencias...
⚠️ Borrando base de datos existente: mydatabase
[7;30m✅ Base de datos y usuario listos.[0m

📅 Fecha de ejecución: 2025-07-02 00:28:20
📄 Script: 00_07_postgres.sh
═══════════════════════════════════════════
🔍 Verificando PostgreSQL...
📦 Instalando dependencias...
⚠️ Borrando base de datos existente: mydatabase
[7;30m✅ Base de datos y usuario listos.[0m

📅 Fecha de ejecución: 2025-07-02 00:54:17
📄 Script: 00_07_postgres.sh
═══════════════════════════════════════════
🔍 Verificando PostgreSQL...
📦 Instalando dependencias...
⚠️ Borrando base de datos existente: mydatabase
[7;30m✅ Base de datos y usuario listos.[0m

📅 Fecha de ejecución: 2025-07-02 03:01:27
📄 Script: 00_07_postgres.sh
═══════════════════════════════════════════
🔍 Verificando PostgreSQL...
📦 Instalando dependencias...
⚠️ Borrando base de datos existente: mydatabase
[7;30m✅ Base de datos y usuario listos.[0m

📅 Fecha de ejecución: 2025-07-02 03:39:00
📄 Script: 00_07_postgres.sh
═══════════════════════════════════════════
🔍 Verificando PostgreSQL...
📦 Instalando dependencias...
⚠️ Borrando base de datos existente: mydatabase
[7;30m✅ Base de datos y usuario listos.[0m

📅 Fecha de ejecución: 2025-07-02 04:20:09
📄 Script: 00_07_postgres.sh
═══════════════════════════════════════════
🔍 Verificando PostgreSQL...
📦 Instalando dependencias...
⚠️ Borrando base de datos existente: mydatabase
[7;30m✅ Base de datos y usuario listos.[0m

📅 Fecha de ejecución: 2025-07-02 07:21:31
📄 Script: 00_07_postgres.sh
═══════════════════════════════════════════
🔍 Verificando PostgreSQL...
📦 Instalando dependencias...
⚠️ Borrando base de datos existente: mydatabase
[7;30m✅ Base de datos y usuario listos.[0m

📅 Fecha de ejecución: 2025-07-02 08:12:15
📄 Script: 00_07_postgres.sh
═══════════════════════════════════════════
🔍 Verificando PostgreSQL...
📦 Instalando dependencias...
⚠️ Borrando base de datos existente: mydatabase
[7;30m✅ Base de datos y usuario listos.[0m

📅 Fecha de ejecución: 2025-07-02 16:57:36
📄 Script: 00_07_postgres.sh
═══════════════════════════════════════════
🔍 Verificando PostgreSQL...
📦 Instalando dependencias...
⚠️ Borrando base de datos existente: mydatabase
[7;30m✅ Base de datos y usuario listos.[0m

📅 Fecha de ejecución: 2025-07-02 17:47:43
📄 Script: 00_07_postgres.sh
═══════════════════════════════════════════
🔍 Verificando PostgreSQL...
📦 Instalando dependencias...
⚠️ Borrando base de datos existente: mydatabase
[7;30m✅ Base de datos y usuario listos.[0m

📅 Fecha de ejecución: 2025-07-02 18:05:52
📄 Script: 00_07_postgres.sh
═══════════════════════════════════════════
🔍 Verificando PostgreSQL...
📦 Instalando dependencias...
⚠️ Borrando base de datos existente: mydatabase
[7;30m✅ Base de datos y usuario listos.[0m

📅 Fecha de ejecución: 2025-07-02 21:33:06
📄 Script: 00_07_postgres.sh
═══════════════════════════════════════════
🔍 Verificando PostgreSQL...
📦 Instalando dependencias...
⚠️ Borrando base de datos existente: mydatabase
[7;30m✅ Base de datos y usuario listos.[0m

📅 Fecha de ejecución: 2025-07-02 21:54:35
📄 Script: 00_07_postgres.sh
═══════════════════════════════════════════
🔍 Verificando PostgreSQL...
📦 Instalando dependencias...
⚠️ Borrando base de datos existente: mydatabase
[7;30m✅ Base de datos y usuario listos.[0m

📅 Fecha de ejecución: 2025-07-02 22:03:37
📄 Script: 00_07_postgres.sh
═══════════════════════════════════════════
🔍 Verificando PostgreSQL...
📦 Instalando dependencias...
⚠️ Borrando base de datos existente: mydatabase
[7;30m✅ Base de datos y usuario listos.[0m

📅 Fecha de ejecución: 2025-07-02 22:11:03
📄 Script: 00_07_postgres.sh
═══════════════════════════════════════════
🔍 Verificando PostgreSQL...
📦 Instalando dependencias...
⚠️ Borrando base de datos existente: mydatabase
[7;30m✅ Base de datos y usuario listos.[0m

📅 Fecha de ejecución: 2025-07-02 23:41:49
📄 Script: 00_07_postgres.sh
═══════════════════════════════════════════
🔍 Verificando PostgreSQL...
📦 Instalando dependencias...
⚠️ Borrando base de datos existente: mydatabase
[7;30m✅ Base de datos y usuario listos.[0m

📅 Fecha de ejecución: 2025-07-03 00:10:34
📄 Script: 00_07_postgres.sh
═══════════════════════════════════════════
🔍 Verificando PostgreSQL...
📦 Instalando dependencias...
⚠️ Borrando base de datos existente: mydatabase
[7;30m✅ Base de datos y usuario listos.[0m

📅 Fecha de ejecución: 2025-07-03 00:20:20
📄 Script: 00_07_postgres.sh
═══════════════════════════════════════════
🔍 Verificando PostgreSQL...
📦 Instalando dependencias...
⚠️ Borrando base de datos existente: mydatabase
[7;30m✅ Base de datos y usuario listos.[0m

📅 Fecha de ejecución: 2025-07-03 00:44:25
📄 Script: 00_07_postgres.sh
═══════════════════════════════════════════
🔍 Verificando PostgreSQL...
📦 Instalando dependencias...
⚠️ Borrando base de datos existente: mydatabase
[7;30m✅ Base de datos y usuario listos.[0m

📅 Fecha de ejecución: 2025-07-03 00:57:23
📄 Script: 00_07_postgres.sh
═══════════════════════════════════════════
🔍 Verificando PostgreSQL...
📦 Instalando dependencias...
⚠️ Borrando base de datos existente: mydatabase
[7;30m✅ Base de datos y usuario listos.[0m

📅 Fecha de ejecución: 2025-07-03 01:13:12
📄 Script: 00_07_postgres.sh
═══════════════════════════════════════════
🔍 Verificando PostgreSQL...
📦 Instalando dependencias...
⚠️ Borrando base de datos existente: mydatabase
[7;30m✅ Base de datos y usuario listos.[0m

📅 Fecha de ejecución: 2025-07-03 01:32:29
📄 Script: 00_07_postgres.sh
═══════════════════════════════════════════
🔍 Verificando PostgreSQL...
📦 Instalando dependencias...
⚠️ Borrando base de datos existente: mydatabase
[7;30m✅ Base de datos y usuario listos.[0m

📅 Fecha de ejecución: 2025-07-03 01:39:56
📄 Script: 00_07_postgres.sh
═══════════════════════════════════════════
🔍 Verificando PostgreSQL...
📦 Instalando dependencias...
⚠️ Borrando base de datos existente: mydatabase
[7;30m✅ Base de datos y usuario listos.[0m

📅 Fecha de ejecución: 2025-07-03 02:45:46
📄 Script: 00_07_postgres.sh
═══════════════════════════════════════════
🔍 Verificando PostgreSQL...
📦 Instalando dependencias...
⚠️ Borrando base de datos existente: mydatabase
[7;30m✅ Base de datos y usuario listos.[0m

📅 Fecha de ejecución: 2025-07-03 03:08:34
📄 Script: 00_07_postgres.sh
═══════════════════════════════════════════
🔍 Verificando PostgreSQL...
📦 Instalando dependencias...
⚠️ Borrando base de datos existente: mydatabase
[7;30m✅ Base de datos y usuario listos.[0m

📅 Fecha de ejecución: 2025-07-03 03:17:52
📄 Script: 00_07_postgres.sh
═══════════════════════════════════════════
🔍 Verificando PostgreSQL...
📦 Instalando dependencias...
⚠️ Borrando base de datos existente: mydatabase
[7;30m✅ Base de datos y usuario listos.[0m

📅 Fecha de ejecución: 2025-07-03 03:25:34
📄 Script: 00_07_postgres.sh
═══════════════════════════════════════════
🔍 Verificando PostgreSQL...
📦 Instalando dependencias...
⚠️ Borrando base de datos existente: mydatabase
[7;30m✅ Base de datos y usuario listos.[0m

📅 Fecha de ejecución: 2025-07-03 03:40:42
📄 Script: 00_07_postgres.sh
═══════════════════════════════════════════
🔍 Verificando PostgreSQL...
📦 Instalando dependencias...
⚠️ Borrando base de datos existente: mydatabase
[7;30m✅ Base de datos y usuario listos.[0m

📅 Fecha de ejecución: 2025-07-03 03:47:50
📄 Script: 00_07_postgres.sh
═══════════════════════════════════════════
🔍 Verificando PostgreSQL...
📦 Instalando dependencias...
⚠️ Borrando base de datos existente: mydatabase
[7;30m✅ Base de datos y usuario listos.[0m

📅 Fecha de ejecución: 2025-07-03 04:09:10
📄 Script: 00_07_postgres.sh
═══════════════════════════════════════════
🔍 Verificando PostgreSQL...
📦 Instalando dependencias...
⚠️ Borrando base de datos existente: mydatabase
[7;30m✅ Base de datos y usuario listos.[0m

📅 Fecha de ejecución: 2025-07-03 04:31:59
📄 Script: 00_07_postgres.sh
═══════════════════════════════════════════
🔍 Verificando PostgreSQL...
📦 Instalando dependencias...
⚠️ Borrando base de datos existente: mydatabase
[7;30m✅ Base de datos y usuario listos.[0m

📅 Fecha de ejecución: 2025-07-03 04:40:30
📄 Script: 00_07_postgres.sh
═══════════════════════════════════════════
🔍 Verificando PostgreSQL...
📦 Instalando dependencias...
⚠️ Borrando base de datos existente: mydatabase
[7;30m✅ Base de datos y usuario listos.[0m

📅 Fecha de ejecución: 2025-07-03 04:48:30
📄 Script: 00_07_postgres.sh
═══════════════════════════════════════════
🔍 Verificando PostgreSQL...
📦 Instalando dependencias...
⚠️ Borrando base de datos existente: mydatabase
[7;30m✅ Base de datos y usuario listos.[0m

📅 Fecha de ejecución: 2025-07-03 05:08:43
📄 Script: 00_07_postgres.sh
═══════════════════════════════════════════
🔍 Verificando PostgreSQL...
📦 Instalando dependencias...
⚠️ Borrando base de datos existente: mydatabase
[7;30m✅ Base de datos y usuario listos.[0m

📅 Fecha de ejecución: 2025-07-03 05:59:19
📄 Script: 00_07_postgres.sh
═══════════════════════════════════════════
🔍 Verificando PostgreSQL...
📦 Instalando dependencias...
⚠️ Borrando base de datos existente: mydatabase
[7;30m✅ Base de datos y usuario listos.[0m

📅 Fecha de ejecución: 2025-07-03 06:02:11
📄 Script: 00_07_postgres.sh
═══════════════════════════════════════════
🔍 Verificando PostgreSQL...
📦 Instalando dependencias...
⚠️ Borrando base de datos existente: mydatabase
[7;30m✅ Base de datos y usuario listos.[0m

📅 Fecha de ejecución: 2025-07-03 06:12:57
📄 Script: 00_07_postgres.sh
═══════════════════════════════════════════
🔍 Verificando PostgreSQL...
📦 Instalando dependencias...
⚠️ Borrando base de datos existente: mydatabase
[7;30m✅ Base de datos y usuario listos.[0m

📅 Fecha de ejecución: 2025-07-03 06:28:51
📄 Script: 00_07_postgres.sh
═══════════════════════════════════════════
🔍 Verificando PostgreSQL...
📦 Instalando dependencias...
⚠️ Borrando base de datos existente: mydatabase
[7;30m✅ Base de datos y usuario listos.[0m

📅 Fecha de ejecución: 2025-07-03 06:38:38
📄 Script: 00_07_postgres.sh
═══════════════════════════════════════════
🔍 Verificando PostgreSQL...
📦 Instalando dependencias...
⚠️ Borrando base de datos existente: mydatabase
[7;30m✅ Base de datos y usuario listos.[0m

📅 Fecha de ejecución: 2025-07-03 07:24:45
📄 Script: 00_07_postgres.sh
═══════════════════════════════════════════
🔍 Verificando PostgreSQL...
📦 Instalando dependencias...
⚠️ Borrando base de datos existente: mydatabase
[7;30m✅ Base de datos y usuario listos.[0m

📅 Fecha de ejecución: 2025-07-03 07:58:32
📄 Script: 00_07_postgres.sh
═══════════════════════════════════════════
🔍 Verificando PostgreSQL...
📦 Instalando dependencias...
⚠️ Borrando base de datos existente: mydatabase
[7;30m✅ Base de datos y usuario listos.[0m

📅 Fecha de ejecución: 2025-07-03 08:38:50
📄 Script: 00_07_postgres.sh
═══════════════════════════════════════════
🔍 Verificando PostgreSQL...
📦 Instalando dependencias...
⚠️ Borrando base de datos existente: mydatabase
[7;30m✅ Base de datos y usuario listos.[0m

📅 Fecha de ejecución: 2025-07-03 09:34:57
📄 Script: 00_07_postgres.sh
═══════════════════════════════════════════
🔍 Verificando PostgreSQL...
📦 Instalando dependencias...
⚠️ Borrando base de datos existente: mydatabase
[7;30m✅ Base de datos y usuario listos.[0m

📅 Fecha de ejecución: 2025-07-03 18:36:48
📄 Script: 00_07_postgres.sh
═══════════════════════════════════════════
🔍 Verificando PostgreSQL...
📦 Instalando dependencias...
⚠️ Borrando base de datos existente: mydatabase
[7;30m✅ Base de datos y usuario listos.[0m

📅 Fecha de ejecución: 2025-07-03 18:46:07
📄 Script: 00_07_postgres.sh
═══════════════════════════════════════════
🔍 Verificando PostgreSQL...
📦 Instalando dependencias...
⚠️ Borrando base de datos existente: mydatabase
[7;30m✅ Base de datos y usuario listos.[0m

📅 Fecha de ejecución: 2025-08-08 03:59:36
📄 Script: 00_07_postgres.sh
═══════════════════════════════════════════
🔍 Verificando PostgreSQL...
📦 Instalando dependencias...

❌ Error en línea 68: "pip install -r "$BASE_DIR/requirements.txt""
Abortando.

📅 Fecha de ejecución: 2025-08-08 04:06:11
📄 Script: 00_07_postgres.sh
═══════════════════════════════════════════
🔍 Verificando PostgreSQL...
📦 Instalando dependencias...

❌ Error en línea 68: "pip install -r "$BASE_DIR/requirements.txt""
Abortando.

📅 Fecha de ejecución: 2025-08-08 22:19:34
📄 Script: 00_07_postgres.sh
═══════════════════════════════════════════
🔍 Verificando PostgreSQL...
📦 Instalando dependencias...

❌ Error en línea 68: "pip install -r "$BASE_DIR/requirements.txt""
Abortando.

📅 Fecha de ejecución: 2025-08-08 23:15:30
📄 Script: 00_07_postgres.sh
═══════════════════════════════════════════
🔍 Verificando PostgreSQL...
📦 Instalando dependencias...
⚠️ Borrando base de datos existente: mydatabase
[7;30m✅ Base de datos y usuario listos.[0m

❌ Error en línea 113: "bash restore_and_upload_force.sh"
Abortando.

📅 Fecha de ejecución: 2025-08-09 01:51:45
📄 Script: 00_07_postgres.sh
═══════════════════════════════════════════
🔍 Verificando PostgreSQL...
📦 Instalando dependencias...
⚠️ Borrando base de datos existente: mydatabase
[7;30m✅ Base de datos y usuario listos.[0m

❌ Error en línea 113: "bash restore_and_upload_force.sh"
Abortando.

📅 Fecha de ejecución: 2025-08-09 01:55:23
📄 Script: 00_07_postgres.sh
═══════════════════════════════════════════
🔍 Verificando PostgreSQL...
📦 Instalando dependencias...
⚠️ Borrando base de datos existente: mydatabase
[7;30m✅ Base de datos y usuario listos.[0m

❌ Error en línea 113: "bash restore_and_upload_force.sh"
Abortando.

📅 Fecha de ejecución: 2025-08-09 02:00:04
📄 Script: 00_07_postgres.sh
═══════════════════════════════════════════
🔍 Verificando PostgreSQL...
📦 Instalando dependencias...
⚠️ Borrando base de datos existente: mydatabase
[7;30m✅ Base de datos y usuario listos.[0m

❌ Error en línea 113: "bash restore_and_upload_force.sh"
Abortando.

📅 Fecha de ejecución: 2025-08-09 02:03:29
📄 Script: 00_07_postgres.sh
═══════════════════════════════════════════
🔍 Verificando PostgreSQL...
📦 Instalando dependencias...
⚠️ Borrando base de datos existente: mydatabase
[7;30m✅ Base de datos y usuario listos.[0m

❌ Error en línea 113: "bash restore_and_upload_force.sh"
Abortando.

📅 Fecha de ejecución: 2025-08-09 02:17:43
📄 Script: 00_07_postgres.sh
═══════════════════════════════════════════
🔍 Verificando PostgreSQL...
📦 Instalando dependencias...
⚠️ Borrando base de datos existente: mydatabase
[7;30m✅ Base de datos y usuario listos.[0m

❌ Error en línea 113: "bash restore_and_upload_force.sh"
Abortando.

📅 Fecha de ejecución: 2025-08-09 02:20:08
📄 Script: 00_07_postgres.sh
═══════════════════════════════════════════
🔍 Verificando PostgreSQL...
📦 Instalando dependencias...
⚠️ Borrando base de datos existente: mydatabase
[7;30m✅ Base de datos y usuario listos.[0m

❌ Error en línea 113: "bash restore_and_upload_force.sh"
Abortando.

📅 Fecha de ejecución: 2025-08-09 02:22:41
📄 Script: 00_07_postgres.sh
═══════════════════════════════════════════
🔍 Verificando PostgreSQL...
📦 Instalando dependencias...
⚠️ Borrando base de datos existente: mydatabase
[7;30m✅ Base de datos y usuario listos.[0m

📅 Fecha de ejecución: 2025-08-09 02:28:01
📄 Script: 00_07_postgres.sh
═══════════════════════════════════════════
🔍 Verificando PostgreSQL...
📦 Instalando dependencias...
⚠️ Borrando base de datos existente: mydatabase
[7;30m✅ Base de datos y usuario listos.[0m

📅 Fecha de ejecución: 2025-08-09 02:29:35
📄 Script: 00_07_postgres.sh
═══════════════════════════════════════════
🔍 Verificando PostgreSQL...
📦 Instalando dependencias...
⚠️ Borrando base de datos existente: mydatabase
[7;30m✅ Base de datos y usuario listos.[0m

📅 Fecha de ejecución: 2025-08-09 02:35:28
📄 Script: 00_07_postgres.sh
═══════════════════════════════════════════
🔍 Verificando PostgreSQL...
📦 Instalando dependencias...
⚠️ Borrando base de datos existente: mydatabase
[7;30m✅ Base de datos y usuario listos.[0m

📅 Fecha de ejecución: 2025-08-09 02:41:50
📄 Script: 00_07_postgres.sh
═══════════════════════════════════════════
🔍 Verificando PostgreSQL...
📦 Instalando dependencias...
⚠️ Borrando base de datos existente: mydatabase
[7;30m✅ Base de datos y usuario listos.[0m

📅 Fecha de ejecución: 2025-08-09 03:01:03
📄 Script: 00_07_postgres.sh
═══════════════════════════════════════════
🔍 Verificando PostgreSQL...
📦 Instalando dependencias...
⚠️ Borrando base de datos existente: mydatabase
[7;30m✅ Base de datos y usuario listos.[0m

📅 Fecha de ejecución: 2025-08-09 03:08:50
📄 Script: 00_07_postgres.sh
═══════════════════════════════════════════
🔍 Verificando PostgreSQL...
📦 Instalando dependencias...
⚠️ Borrando base de datos existente: mydatabase
[7;30m✅ Base de datos y usuario listos.[0m

📅 Fecha de ejecución: 2025-08-09 01:19:51
📄 Script: 00_07_postgres.sh
═══════════════════════════════════════════
🔍 Verificando PostgreSQL...
📦 Instalando dependencias...
[7;30m✅ Base de datos y usuario listos.[0m

❌ Error en línea 156: "python manage.py migrate --skip-checks"
Abortando.

📅 Fecha de ejecución: 2025-08-09 01:29:25
📄 Script: 00_07_postgres.sh
═══════════════════════════════════════════
🔍 Verificando PostgreSQL...
📦 Instalando dependencias...
[7;30m✅ Base de datos y usuario listos.[0m

❌ Error en línea 156: "python manage.py migrate --skip-checks"
Abortando.

📅 Fecha de ejecución: 2025-08-09 01:30:58
📄 Script: 00_07_postgres.sh
═══════════════════════════════════════════
🔍 Verificando PostgreSQL...
📦 Instalando dependencias...
[7;30m✅ Base de datos y usuario listos.[0m

❌ Error en línea 156: "python manage.py migrate --skip-checks"
Abortando.

📅 Fecha de ejecución: 2025-08-09 01:49:18
📄 Script: 00_07_postgres.sh
═══════════════════════════════════════════
🔍 Verificando PostgreSQL...
📦 Instalando dependencias...
⚠️ Borrando base de datos existente: mydatabase
[7;30m✅ Base de datos y usuario listos.[0m

📅 Fecha de ejecución: 2025-08-09 10:22:27
📄 Script: 00_07_postgres.sh
═══════════════════════════════════════════
🔍 Verificando PostgreSQL...

❌ Error en línea 66: "pip install --upgrade pip"
Abortando.

📅 Fecha de ejecución: 2025-08-09 10:23:50
📄 Script: 00_07_postgres.sh
═══════════════════════════════════════════
🔍 Verificando PostgreSQL...

❌ Error en línea 66: "pip install --upgrade pip"
Abortando.

📅 Fecha de ejecución: 2025-08-09 10:54:56
📄 Script: 00_07_postgres.sh
═══════════════════════════════════════════
🔍 Verificando PostgreSQL...
📦 Instalando dependencias...
⚠️ Borrando base de datos existente: mydatabase
[7;30m✅ Base de datos y usuario listos.[0m

📅 Fecha de ejecución: 2025-08-09 11:00:14
📄 Script: 00_07_postgres.sh
═══════════════════════════════════════════
🔍 Verificando PostgreSQL...
📦 Instalando dependencias...
⚠️ Borrando base de datos existente: mydatabase
[7;30m✅ Base de datos y usuario listos.[0m

📅 Fecha de ejecución: 2025-08-09 11:02:47
📄 Script: 00_07_postgres.sh
═══════════════════════════════════════════
🔍 Verificando PostgreSQL...
📦 Instalando dependencias...
⚠️ Borrando base de datos existente: mydatabase
[7;30m✅ Base de datos y usuario listos.[0m

📅 Fecha de ejecución: 2025-08-09 11:31:50
📄 Script: 00_07_postgres.sh
═══════════════════════════════════════════
🔍 Verificando PostgreSQL...
📦 Instalando dependencias...
⚠️ Borrando base de datos existente: mydatabase
[7;30m✅ Base de datos y usuario listos.[0m

📅 Fecha de ejecución: 2025-08-09 11:32:31
📄 Script: 00_07_postgres.sh
═══════════════════════════════════════════
🔍 Verificando PostgreSQL...
📦 Instalando dependencias...
⚠️ Borrando base de datos existente: mydatabase
[7;30m✅ Base de datos y usuario listos.[0m

📅 Fecha de ejecución: 2025-08-09 11:40:51
📄 Script: 00_07_postgres.sh
═══════════════════════════════════════════
🔍 Verificando PostgreSQL...
📦 Instalando dependencias...
⚠️ Borrando base de datos existente: mydatabase
[7;30m✅ Base de datos y usuario listos.[0m

📅 Fecha de ejecución: 2025-08-09 11:44:55
📄 Script: 00_07_postgres.sh
═══════════════════════════════════════════
🔍 Verificando PostgreSQL...

📅 Fecha de ejecución: 2025-08-09 11:55:32
📄 Script: 00_07_postgres.sh
═══════════════════════════════════════════
🔍 Verificando PostgreSQL...

❌ Error en línea 66: "pip install --upgrade pip"
Abortando.

📅 Fecha de ejecución: 2025-08-09 11:58:18
📄 Script: 00_07_postgres.sh
═══════════════════════════════════════════
🔍 Verificando PostgreSQL...

❌ Error en línea 66: "pip install --upgrade pip"
Abortando.

📅 Fecha de ejecución: 2025-08-09 12:05:54
📄 Script: 00_07_postgres.sh
═══════════════════════════════════════════

❌ Error en línea 66: "pip install --upgrade pip"
Abortando.

📅 Fecha de ejecución: 2025-08-09 12:07:20
📄 Script: 00_07_postgres.sh
═══════════════════════════════════════════
La base de datos mydatabase existe. Eliminándola...
[7;30m✅ Base de datos y usuario listos.[0m

❌ Error en línea 161: "python manage.py migrate --skip-checks"
Abortando.

📅 Fecha de ejecución: 2025-08-09 12:52:14
📄 Script: 00_07_postgres.sh
═══════════════════════════════════════════
La base de datos mydatabase existe. Eliminándola...
[7;30m✅ Base de datos y usuario listos.[0m

❌ Error en línea 168: "python importar_env_a_db.py .env.local local"
Abortando.

📅 Fecha de ejecución: 2025-08-09 12:55:56
📄 Script: 00_07_postgres.sh
═══════════════════════════════════════════
La base de datos mydatabase existe. Eliminándola...
[7;30m✅ Base de datos y usuario listos.[0m

❌ Error en línea 168: "python importar_env_a_db.py .env.local local"
Abortando.

📅 Fecha de ejecución: 2025-08-09 13:00:20
📄 Script: 00_07_postgres.sh
═══════════════════════════════════════════
La base de datos mydatabase existe. Eliminándola...
[7;30m✅ Base de datos y usuario listos.[0m

📅 Fecha de ejecución: 2025-08-09 13:10:17
📄 Script: 00_07_postgres.sh
═══════════════════════════════════════════
La base de datos mydatabase existe. Eliminándola...
[7;30m✅ Base de datos y usuario listos.[0m

📅 Fecha de ejecución: 2025-08-09 13:19:18
📄 Script: 00_07_postgres.sh
═══════════════════════════════════════════
La base de datos mydatabase existe. Eliminándola...
[7;30m✅ Base de datos y usuario listos.[0m

📅 Fecha de ejecución: 2025-08-09 13:26:04
📄 Script: 00_07_postgres.sh
═══════════════════════════════════════════
La base de datos mydatabase existe. Eliminándola...
[7;30m✅ Base de datos y usuario listos.[0m

📅 Fecha de ejecución: 2025-08-09 13:34:29
📄 Script: 00_07_postgres.sh
═══════════════════════════════════════════
La base de datos mydatabase existe. Eliminándola...
[7;30m✅ Base de datos y usuario listos.[0m

📅 Fecha de ejecución: 2025-08-09 13:50:15
📄 Script: 00_07_postgres.sh
═══════════════════════════════════════════
La base de datos mydatabase existe. Eliminándola...
[7;30m✅ Base de datos y usuario listos.[0m

📅 Fecha de ejecución: 2025-08-09 13:57:13
📄 Script: 00_07_postgres.sh
═══════════════════════════════════════════
La base de datos mydatabase existe. Eliminándola...
[7;30m✅ Base de datos y usuario listos.[0m

📅 Fecha de ejecución: 2025-08-09 14:07:32
📄 Script: 00_07_postgres.sh
═══════════════════════════════════════════
La base de datos mydatabase existe. Eliminándola...
[7;30m✅ Base de datos y usuario listos.[0m

📅 Fecha de ejecución: 2025-08-09 14:13:43
📄 Script: 00_07_postgres.sh
═══════════════════════════════════════════
La base de datos mydatabase existe. Eliminándola...
[7;30m✅ Base de datos y usuario listos.[0m

📅 Fecha de ejecución: 2025-08-09 14:19:04
📄 Script: 00_07_postgres.sh
═══════════════════════════════════════════
La base de datos mydatabase existe. Eliminándola...
[7;30m✅ Base de datos y usuario listos.[0m

📅 Fecha de ejecución: 2025-08-09 14:23:50
📄 Script: 00_07_postgres.sh
═══════════════════════════════════════════
La base de datos mydatabase existe. Eliminándola...
[7;30m✅ Base de datos y usuario listos.[0m

📅 Fecha de ejecución: 2025-08-09 14:31:45
📄 Script: 00_07_postgres.sh
═══════════════════════════════════════════
La base de datos mydatabase existe. Eliminándola...
[7;30m✅ Base de datos y usuario listos.[0m

📅 Fecha de ejecución: 2025-08-09 14:36:26
📄 Script: 00_07_postgres.sh
═══════════════════════════════════════════
La base de datos mydatabase existe. Eliminándola...
[7;30m✅ Base de datos y usuario listos.[0m

📅 Fecha de ejecución: 2025-08-09 15:28:12
📄 Script: 00_07_postgres.sh
═══════════════════════════════════════════
La base de datos mydatabase existe. Eliminándola...
[7;30m✅ Base de datos y usuario listos.[0m

📅 Fecha de ejecución: 2025-08-09 15:34:40
📄 Script: 00_07_postgres.sh
═══════════════════════════════════════════
La base de datos mydatabase existe. Eliminándola...
[7;30m✅ Base de datos y usuario listos.[0m

📅 Fecha de ejecución: 2025-08-09 15:58:42
📄 Script: 00_07_postgres.sh
═══════════════════════════════════════════
La base de datos mydatabase existe. Eliminándola...
[7;30m✅ Base de datos y usuario listos.[0m

📅 Fecha de ejecución: 2025-08-09 16:03:42
📄 Script: 00_07_postgres.sh
═══════════════════════════════════════════
La base de datos mydatabase existe. Eliminándola...
[7;30m✅ Base de datos y usuario listos.[0m

📅 Fecha de ejecución: 2025-08-09 16:08:48
📄 Script: 00_07_postgres.sh
═══════════════════════════════════════════
La base de datos mydatabase existe. Eliminándola...
[7;30m✅ Base de datos y usuario listos.[0m

📅 Fecha de ejecución: 2025-08-09 16:13:48
📄 Script: 00_07_postgres.sh
═══════════════════════════════════════════
La base de datos mydatabase existe. Eliminándola...
[7;30m✅ Base de datos y usuario listos.[0m

📅 Fecha de ejecución: 2025-08-09 16:24:27
📄 Script: 00_07_postgres.sh
═══════════════════════════════════════════
La base de datos mydatabase existe. Eliminándola...
[7;30m✅ Base de datos y usuario listos.[0m

📅 Fecha de ejecución: 2025-08-09 16:29:14
📄 Script: 00_07_postgres.sh
═══════════════════════════════════════════
La base de datos mydatabase existe. Eliminándola...
[7;30m✅ Base de datos y usuario listos.[0m

📅 Fecha de ejecución: 2025-08-09 17:13:47
📄 Script: 00_07_postgres.sh
═══════════════════════════════════════════
La base de datos mydatabase existe. Eliminándola...
[7;30m✅ Base de datos y usuario listos.[0m

📅 Fecha de ejecución: 2025-08-09 17:18:50
📄 Script: 00_07_postgres.sh
═══════════════════════════════════════════
La base de datos mydatabase existe. Eliminándola...
[7;30m✅ Base de datos y usuario listos.[0m

📅 Fecha de ejecución: 2025-08-09 17:26:37
📄 Script: 00_07_postgres.sh
═══════════════════════════════════════════
La base de datos mydatabase existe. Eliminándola...
[7;30m✅ Base de datos y usuario listos.[0m

📅 Fecha de ejecución: 2025-08-09 17:46:44
📄 Script: 00_07_postgres.sh
═══════════════════════════════════════════
La base de datos mydatabase existe. Eliminándola...
[7;30m✅ Base de datos y usuario listos.[0m

📅 Fecha de ejecución: 2025-08-09 17:50:53
📄 Script: 00_07_postgres.sh
═══════════════════════════════════════════
La base de datos mydatabase existe. Eliminándola...
[7;30m✅ Base de datos y usuario listos.[0m

📅 Fecha de ejecución: 2025-08-09 17:52:52
📄 Script: 00_07_postgres.sh
═══════════════════════════════════════════
La base de datos mydatabase existe. Eliminándola...
[7;30m✅ Base de datos y usuario listos.[0m

📅 Fecha de ejecución: 2025-08-09 17:53:35
📄 Script: 00_07_postgres.sh
═══════════════════════════════════════════
La base de datos mydatabase existe. Eliminándola...
[7;30m✅ Base de datos y usuario listos.[0m

📅 Fecha de ejecución: 2025-08-09 17:55:39
📄 Script: 00_07_postgres.sh
═══════════════════════════════════════════
La base de datos mydatabase existe. Eliminándola...
[7;30m✅ Base de datos y usuario listos.[0m

📅 Fecha de ejecución: 2025-08-09 18:00:34
📄 Script: 00_07_postgres.sh
═══════════════════════════════════════════
La base de datos mydatabase existe. Eliminándola...
[7;30m✅ Base de datos y usuario listos.[0m

📅 Fecha de ejecución: 2025-08-09 18:06:17
📄 Script: 00_07_postgres.sh
═══════════════════════════════════════════
La base de datos mydatabase existe. Eliminándola...
[7;30m✅ Base de datos y usuario listos.[0m

📅 Fecha de ejecución: 2025-08-09 18:12:06
📄 Script: 00_07_postgres.sh
═══════════════════════════════════════════
La base de datos mydatabase existe. Eliminándola...
[7;30m✅ Base de datos y usuario listos.[0m

📅 Fecha de ejecución: 2025-08-09 18:17:03
📄 Script: 00_07_postgres.sh
═══════════════════════════════════════════
La base de datos mydatabase existe. Eliminándola...
[7;30m✅ Base de datos y usuario listos.[0m

📅 Fecha de ejecución: 2025-08-09 18:33:20
📄 Script: 00_07_postgres.sh
═══════════════════════════════════════════
La base de datos mydatabase existe. Eliminándola...
[7;30m✅ Base de datos y usuario listos.[0m

📅 Fecha de ejecución: 2025-08-09 18:39:13
📄 Script: 00_07_postgres.sh
═══════════════════════════════════════════
La base de datos mydatabase existe. Eliminándola...
[7;30m✅ Base de datos y usuario listos.[0m

📅 Fecha de ejecución: 2025-08-09 21:33:05
📄 Script: 00_07_postgres.sh
═══════════════════════════════════════════
La base de datos mydatabase existe. Eliminándola...
[7;30m✅ Base de datos y usuario listos.[0m

📅 Fecha de ejecución: 2025-08-09 21:43:00
📄 Script: 00_07_postgres.sh
═══════════════════════════════════════════
La base de datos mydatabase existe. Eliminándola...
[7;30m✅ Base de datos y usuario listos.[0m

📅 Fecha de ejecución: 2025-08-09 21:53:05
📄 Script: 00_07_postgres.sh
═══════════════════════════════════════════
La base de datos mydatabase existe. Eliminándola...
[7;30m✅ Base de datos y usuario listos.[0m

📅 Fecha de ejecución: 2025-08-09 21:58:19
📄 Script: 00_07_postgres.sh
═══════════════════════════════════════════
La base de datos mydatabase existe. Eliminándola...
[7;30m✅ Base de datos y usuario listos.[0m

📅 Fecha de ejecución: 2025-08-09 22:13:58
📄 Script: 00_07_postgres.sh
═══════════════════════════════════════════
La base de datos mydatabase existe. Eliminándola...
[7;30m✅ Base de datos y usuario listos.[0m

📅 Fecha de ejecución: 2025-08-09 22:19:09
📄 Script: 00_07_postgres.sh
═══════════════════════════════════════════
La base de datos mydatabase existe. Eliminándola...
[7;30m✅ Base de datos y usuario listos.[0m

📅 Fecha de ejecución: 2025-08-09 22:44:35
📄 Script: 00_07_postgres.sh
═══════════════════════════════════════════
🔍 Verificando PostgreSQL...
📦 Instalando dependencias...
⚠️ Borrando base de datos existente: mydatabase
[7;30m✅ Base de datos y usuario listos.[0m

📅 Fecha de ejecución: 2025-08-09 22:55:40
📄 Script: 00_07_postgres.sh
═══════════════════════════════════════════
🔍 Verificando PostgreSQL...
📦 Instalando dependencias...
⚠️ Borrando base de datos existente: mydatabase
[7;30m✅ Base de datos y usuario listos.[0m

📅 Fecha de ejecución: 2025-08-09 23:02:39
📄 Script: 00_07_postgres.sh
═══════════════════════════════════════════
🔍 Verificando PostgreSQL...
📦 Instalando dependencias...
⚠️ Borrando base de datos existente: mydatabase
[7;30m✅ Base de datos y usuario listos.[0m

📅 Fecha de ejecución: 2025-08-09 23:52:13
📄 Script: 00_07_postgres.sh
═══════════════════════════════════════════
🔍 Verificando PostgreSQL...
📦 Instalando dependencias...
⚠️ Borrando base de datos existente: mydatabase
[7;30m✅ Base de datos y usuario listos.[0m

📅 Fecha de ejecución: 2025-08-09 23:58:45
📄 Script: 00_07_postgres.sh
═══════════════════════════════════════════
🔍 Verificando PostgreSQL...
📦 Instalando dependencias...
⚠️ Borrando base de datos existente: mydatabase
[7;30m✅ Base de datos y usuario listos.[0m

📅 Fecha de ejecución: 2025-08-10 00:16:49
📄 Script: 00_07_postgres.sh
═══════════════════════════════════════════
🔍 Verificando PostgreSQL...
📦 Instalando dependencias...
⚠️ Borrando base de datos existente: mydatabase
[7;30m✅ Base de datos y usuario listos.[0m

📅 Fecha de ejecución: 2025-08-10 00:23:12
📄 Script: 00_07_postgres.sh
═══════════════════════════════════════════
🔍 Verificando PostgreSQL...
📦 Instalando dependencias...
⚠️ Borrando base de datos existente: mydatabase
[7;30m✅ Base de datos y usuario listos.[0m

📅 Fecha de ejecución: 2025-08-10 00:34:41
📄 Script: 00_07_postgres.sh
═══════════════════════════════════════════
🔍 Verificando PostgreSQL...
📦 Instalando dependencias...
⚠️ Borrando base de datos existente: mydatabase
[7;30m✅ Base de datos y usuario listos.[0m

📅 Fecha de ejecución: 2025-08-10 00:38:00
📄 Script: 00_07_postgres.sh
═══════════════════════════════════════════
🔍 Verificando PostgreSQL...
📦 Instalando dependencias...
⚠️ Borrando base de datos existente: mydatabase
[7;30m✅ Base de datos y usuario listos.[0m

📅 Fecha de ejecución: 2025-08-10 00:43:20
📄 Script: 00_07_postgres.sh
═══════════════════════════════════════════
🔍 Verificando PostgreSQL...
📦 Instalando dependencias...
⚠️ Borrando base de datos existente: mydatabase
[7;30m✅ Base de datos y usuario listos.[0m

📅 Fecha de ejecución: 2025-08-10 00:53:50
📄 Script: 00_07_postgres.sh
═══════════════════════════════════════════
🔍 Verificando PostgreSQL...
📦 Instalando dependencias...
⚠️ Borrando base de datos existente: mydatabase
[7;30m✅ Base de datos y usuario listos.[0m

📅 Fecha de ejecución: 2025-08-10 00:56:56
📄 Script: 00_07_postgres.sh
═══════════════════════════════════════════
🔍 Verificando PostgreSQL...
📦 Instalando dependencias...
⚠️ Borrando base de datos existente: mydatabase
[7;30m✅ Base de datos y usuario listos.[0m

📅 Fecha de ejecución: 2025-08-10 01:02:14
📄 Script: 00_07_postgres.sh
═══════════════════════════════════════════
🔍 Verificando PostgreSQL...
📦 Instalando dependencias...
⚠️ Borrando base de datos existente: mydatabase
[7;30m✅ Base de datos y usuario listos.[0m

📅 Fecha de ejecución: 2025-08-10 12:36:19
📄 Script: 00_07_postgres.sh
═══════════════════════════════════════════
🔍 Verificando PostgreSQL...
📦 Instalando dependencias...
⚠️ Borrando base de datos existente: mydatabase
[7;30m✅ Base de datos y usuario listos.[0m

📅 Fecha de ejecución: 2025-08-10 12:43:01
📄 Script: 00_07_postgres.sh
═══════════════════════════════════════════
🔍 Verificando PostgreSQL...
📦 Instalando dependencias...
⚠️ Borrando base de datos existente: mydatabase
[7;30m✅ Base de datos y usuario listos.[0m

📅 Fecha de ejecución: 2025-08-10 13:15:43
📄 Script: 00_07_postgres.sh
═══════════════════════════════════════════
🔍 Verificando PostgreSQL...
📦 Instalando dependencias...
⚠️ Borrando base de datos existente: mydatabase
[7;30m✅ Base de datos y usuario listos.[0m

📅 Fecha de ejecución: 2025-08-10 13:24:42
📄 Script: 00_07_postgres.sh
═══════════════════════════════════════════
🔍 Verificando PostgreSQL...
📦 Instalando dependencias...
⚠️ Borrando base de datos existente: mydatabase
[7;30m✅ Base de datos y usuario listos.[0m

📅 Fecha de ejecución: 2025-08-10 13:47:01
📄 Script: 00_07_postgres.sh
═══════════════════════════════════════════
🔍 Verificando PostgreSQL...
📦 Instalando dependencias...
⚠️ Borrando base de datos existente: mydatabase
[7;30m✅ Base de datos y usuario listos.[0m

❌ Error en línea 156: "python manage.py migrate --skip-checks"
Abortando.

📅 Fecha de ejecución: 2025-08-10 13:49:33
📄 Script: 00_07_postgres.sh
═══════════════════════════════════════════
🔍 Verificando PostgreSQL...
📦 Instalando dependencias...
⚠️ Borrando base de datos existente: mydatabase
[7;30m✅ Base de datos y usuario listos.[0m

❌ Error en línea 163: "python importar_env_a_db.py .env.local local"
Abortando.

📅 Fecha de ejecución: 2025-08-10 13:52:08
📄 Script: 00_07_postgres.sh
═══════════════════════════════════════════
🔍 Verificando PostgreSQL...
📦 Instalando dependencias...
⚠️ Borrando base de datos existente: mydatabase
[7;30m✅ Base de datos y usuario listos.[0m

📅 Fecha de ejecución: 2025-08-10 14:09:07
📄 Script: 00_07_postgres.sh
═══════════════════════════════════════════
🔍 Verificando PostgreSQL...
📦 Instalando dependencias...
⚠️ Borrando base de datos existente: mydatabase
[7;30m✅ Base de datos y usuario listos.[0m

❌ Error en línea 163: "python importar_env_a_db.py .env.local local"
Abortando.

📅 Fecha de ejecución: 2025-08-10 14:10:35
📄 Script: 00_07_postgres.sh
═══════════════════════════════════════════
🔍 Verificando PostgreSQL...
📦 Instalando dependencias...
⚠️ Borrando base de datos existente: mydatabase
[7;30m✅ Base de datos y usuario listos.[0m

❌ Error en línea 167: "python importar_env_a_db.py .env.production production"
Abortando.

📅 Fecha de ejecución: 2025-08-10 14:12:13
📄 Script: 00_07_postgres.sh
═══════════════════════════════════════════
🔍 Verificando PostgreSQL...
📦 Instalando dependencias...
⚠️ Borrando base de datos existente: mydatabase
[7;30m✅ Base de datos y usuario listos.[0m

❌ Error en línea 167: "python importar_env_a_db.py .env.production production"
Abortando.

📅 Fecha de ejecución: 2025-08-10 14:15:41
📄 Script: 00_07_postgres.sh
═══════════════════════════════════════════
🔍 Verificando PostgreSQL...
📦 Instalando dependencias...
⚠️ Borrando base de datos existente: mydatabase
[7;30m✅ Base de datos y usuario listos.[0m

❌ Error en línea 167: "python importar_env_a_db.py .env.production production"
Abortando.

📅 Fecha de ejecución: 2025-08-10 14:17:24
📄 Script: 00_07_postgres.sh
═══════════════════════════════════════════
🔍 Verificando PostgreSQL...
📦 Instalando dependencias...
⚠️ Borrando base de datos existente: mydatabase
[7;30m✅ Base de datos y usuario listos.[0m

❌ Error en línea 167: "python importar_env_a_db.py .env.production production"
Abortando.

📅 Fecha de ejecución: 2025-08-10 14:20:55
📄 Script: 00_07_postgres.sh
═══════════════════════════════════════════
🔍 Verificando PostgreSQL...
📦 Instalando dependencias...
⚠️ Borrando base de datos existente: mydatabase
[7;30m✅ Base de datos y usuario listos.[0m

❌ Error en línea 167: "python importar_env_a_db.py .env.production production"
Abortando.

📅 Fecha de ejecución: 2025-08-10 14:26:29
📄 Script: 00_07_postgres.sh
═══════════════════════════════════════════
🔍 Verificando PostgreSQL...
📦 Instalando dependencias...
⚠️ Borrando base de datos existente: mydatabase
[7;30m✅ Base de datos y usuario listos.[0m

📅 Fecha de ejecución: 2025-08-10 14:32:55
📄 Script: 00_07_postgres.sh
═══════════════════════════════════════════
🔍 Verificando PostgreSQL...
📦 Instalando dependencias...
⚠️ Borrando base de datos existente: mydatabase
[7;30m✅ Base de datos y usuario listos.[0m

📅 Fecha de ejecución: 2025-08-10 14:39:27
📄 Script: 00_07_postgres.sh
═══════════════════════════════════════════
🔍 Verificando PostgreSQL...
📦 Instalando dependencias...
⚠️ Borrando base de datos existente: mydatabase
[7;30m✅ Base de datos y usuario listos.[0m

📅 Fecha de ejecución: 2025-08-10 14:55:55
📄 Script: 00_07_postgres.sh
═══════════════════════════════════════════
🔍 Verificando PostgreSQL...
📦 Instalando dependencias...
⚠️ Borrando base de datos existente: mydatabase
[7;30m✅ Base de datos y usuario listos.[0m

📅 Fecha de ejecución: 2025-08-10 15:02:35
📄 Script: 00_07_postgres.sh
═══════════════════════════════════════════
🔍 Verificando PostgreSQL...
📦 Instalando dependencias...
⚠️ Borrando base de datos existente: mydatabase
[7;30m✅ Base de datos y usuario listos.[0m

📅 Fecha de ejecución: 2025-08-10 15:27:33
📄 Script: 00_07_postgres.sh
═══════════════════════════════════════════
🔍 Verificando PostgreSQL...
📦 Instalando dependencias...
⚠️ Borrando base de datos existente: mydatabase
[7;30m✅ Base de datos y usuario listos.[0m

📅 Fecha de ejecución: 2025-08-10 15:36:49
📄 Script: 00_07_postgres.sh
═══════════════════════════════════════════
🔍 Verificando PostgreSQL...
📦 Instalando dependencias...
⚠️ Borrando base de datos existente: mydatabase
[7;30m✅ Base de datos y usuario listos.[0m

📅 Fecha de ejecución: 2025-08-10 16:15:44
📄 Script: 00_07_postgres.sh
═══════════════════════════════════════════
🔍 Verificando PostgreSQL...
📦 Instalando dependencias...
⚠️ Borrando base de datos existente: mydatabase
[7;30m✅ Base de datos y usuario listos.[0m

📅 Fecha de ejecución: 2025-08-10 16:24:16
📄 Script: 00_07_postgres.sh
═══════════════════════════════════════════
🔍 Verificando PostgreSQL...
📦 Instalando dependencias...
⚠️ Borrando base de datos existente: mydatabase
[7;30m✅ Base de datos y usuario listos.[0m

📅 Fecha de ejecución: 2025-08-10 17:50:45
📄 Script: 00_07_postgres.sh
═══════════════════════════════════════════
🔍 Verificando PostgreSQL...
📦 Instalando dependencias...
⚠️ Borrando base de datos existente: mydatabase
[7;30m✅ Base de datos y usuario listos.[0m

📅 Fecha de ejecución: 2025-08-10 17:54:23
📄 Script: 00_07_postgres.sh
═══════════════════════════════════════════
🔍 Verificando PostgreSQL...
📦 Instalando dependencias...
⚠️ Borrando base de datos existente: mydatabase
[7;30m✅ Base de datos y usuario listos.[0m

📅 Fecha de ejecución: 2025-08-10 18:02:24
📄 Script: 00_07_postgres.sh
═══════════════════════════════════════════
🔍 Verificando PostgreSQL...
📦 Instalando dependencias...
⚠️ Borrando base de datos existente: mydatabase
[7;30m✅ Base de datos y usuario listos.[0m

📅 Fecha de ejecución: 2025-08-10 18:11:24
📄 Script: 00_07_postgres.sh
═══════════════════════════════════════════
🔍 Verificando PostgreSQL...
📦 Instalando dependencias...
⚠️ Borrando base de datos existente: mydatabase
[7;30m✅ Base de datos y usuario listos.[0m

📅 Fecha de ejecución: 2025-08-10 18:37:57
📄 Script: 00_07_postgres.sh
═══════════════════════════════════════════
🔍 Verificando PostgreSQL...
📦 Instalando dependencias...
⚠️ Borrando base de datos existente: mydatabase
[7;30m✅ Base de datos y usuario listos.[0m

📅 Fecha de ejecución: 2025-08-10 18:44:51
📄 Script: 00_07_postgres.sh
═══════════════════════════════════════════
🔍 Verificando PostgreSQL...
📦 Instalando dependencias...
⚠️ Borrando base de datos existente: mydatabase
[7;30m✅ Base de datos y usuario listos.[0m

📅 Fecha de ejecución: 2025-08-10 18:56:10
📄 Script: 00_07_postgres.sh
═══════════════════════════════════════════
🔍 Verificando PostgreSQL...
📦 Instalando dependencias...
⚠️ Borrando base de datos existente: mydatabase
[7;30m✅ Base de datos y usuario listos.[0m

📅 Fecha de ejecución: 2025-08-10 19:04:07
📄 Script: 00_07_postgres.sh
═══════════════════════════════════════════
🔍 Verificando PostgreSQL...
📦 Instalando dependencias...
⚠️ Borrando base de datos existente: mydatabase
[7;30m✅ Base de datos y usuario listos.[0m

📅 Fecha de ejecución: 2025-08-10 19:40:36
📄 Script: 00_07_postgres.sh
═══════════════════════════════════════════
🔍 Verificando PostgreSQL...
📦 Instalando dependencias...
⚠️ Borrando base de datos existente: mydatabase
[7;30m✅ Base de datos y usuario listos.[0m

📅 Fecha de ejecución: 2025-08-10 19:49:39
📄 Script: 00_07_postgres.sh
═══════════════════════════════════════════
🔍 Verificando PostgreSQL...
📦 Instalando dependencias...
⚠️ Borrando base de datos existente: mydatabase
[7;30m✅ Base de datos y usuario listos.[0m

📅 Fecha de ejecución: 2025-08-10 20:19:04
📄 Script: 00_07_postgres.sh
═══════════════════════════════════════════
🔍 Verificando PostgreSQL...
📦 Instalando dependencias...
⚠️ Borrando base de datos existente: mydatabase
[7;30m✅ Base de datos y usuario listos.[0m

📅 Fecha de ejecución: 2025-08-10 20:28:12
📄 Script: 00_07_postgres.sh
═══════════════════════════════════════════
🔍 Verificando PostgreSQL...
📦 Instalando dependencias...
⚠️ Borrando base de datos existente: mydatabase
[7;30m✅ Base de datos y usuario listos.[0m

📅 Fecha de ejecución: 2025-08-10 21:46:28
📄 Script: 00_07_postgres.sh
═══════════════════════════════════════════
🔍 Verificando PostgreSQL...
📦 Instalando dependencias...
⚠️ Borrando base de datos existente: mydatabase
[7;30m✅ Base de datos y usuario listos.[0m

📅 Fecha de ejecución: 2025-08-10 22:07:14
📄 Script: 00_07_postgres.sh
═══════════════════════════════════════════
🔍 Verificando PostgreSQL...
📦 Instalando dependencias...
⚠️ Borrando base de datos existente: mydatabase
[7;30m✅ Base de datos y usuario listos.[0m

📅 Fecha de ejecución: 2025-08-10 23:12:44
📄 Script: 00_07_postgres.sh
═══════════════════════════════════════════
🔍 Verificando PostgreSQL...
📦 Instalando dependencias...
⚠️ Borrando base de datos existente: mydatabase
[7;30m✅ Base de datos y usuario listos.[0m

📅 Fecha de ejecución: 2025-08-10 23:18:01
📄 Script: 00_07_postgres.sh
═══════════════════════════════════════════
🔍 Verificando PostgreSQL...
📦 Instalando dependencias...
⚠️ Borrando base de datos existente: mydatabase
[7;30m✅ Base de datos y usuario listos.[0m

📅 Fecha de ejecución: 2025-08-11 00:48:34
📄 Script: 00_07_postgres.sh
═══════════════════════════════════════════
🔍 Verificando PostgreSQL...
📦 Instalando dependencias...
⚠️ Borrando base de datos existente: mydatabase
[7;30m✅ Base de datos y usuario listos.[0m

📅 Fecha de ejecución: 2025-08-11 00:54:43
📄 Script: 00_07_postgres.sh
═══════════════════════════════════════════
🔍 Verificando PostgreSQL...
📦 Instalando dependencias...
⚠️ Borrando base de datos existente: mydatabase
[7;30m✅ Base de datos y usuario listos.[0m

📅 Fecha de ejecución: 2025-08-11 01:01:17
📄 Script: 00_07_postgres.sh
═══════════════════════════════════════════
🔍 Verificando PostgreSQL...
📦 Instalando dependencias...
⚠️ Borrando base de datos existente: mydatabase
[7;30m✅ Base de datos y usuario listos.[0m

📅 Fecha de ejecución: 2025-08-11 01:07:08
📄 Script: 00_07_postgres.sh
═══════════════════════════════════════════
🔍 Verificando PostgreSQL...
📦 Instalando dependencias...
⚠️ Borrando base de datos existente: mydatabase
[7;30m✅ Base de datos y usuario listos.[0m

📅 Fecha de ejecución: 2025-08-11 17:58:26
📄 Script: 00_07_postgres.sh
═══════════════════════════════════════════
🔍 Verificando PostgreSQL...
📦 Instalando dependencias...
⚠️ Borrando base de datos existente: mydatabase
[7;30m✅ Base de datos y usuario listos.[0m

📅 Fecha de ejecución: 2025-08-11 18:00:49
📄 Script: 00_07_postgres.sh
═══════════════════════════════════════════
🔍 Verificando PostgreSQL...
📦 Instalando dependencias...
⚠️ Borrando base de datos existente: mydatabase
[7;30m✅ Base de datos y usuario listos.[0m

📅 Fecha de ejecución: 2025-08-11 19:11:10
📄 Script: 00_07_postgres.sh
═══════════════════════════════════════════
🔍 Verificando PostgreSQL...
📦 Instalando dependencias...
⚠️ Borrando base de datos existente: mydatabase
[7;30m✅ Base de datos y usuario listos.[0m

📅 Fecha de ejecución: 2025-08-11 19:18:33
📄 Script: 00_07_postgres.sh
═══════════════════════════════════════════
🔍 Verificando PostgreSQL...
📦 Instalando dependencias...
⚠️ Borrando base de datos existente: mydatabase
[7;30m✅ Base de datos y usuario listos.[0m

📅 Fecha de ejecución: 2025-08-11 19:27:38
📄 Script: 00_07_postgres.sh
═══════════════════════════════════════════
🔍 Verificando PostgreSQL...
📦 Instalando dependencias...
⚠️ Borrando base de datos existente: mydatabase
[7;30m✅ Base de datos y usuario listos.[0m

📅 Fecha de ejecución: 2025-08-11 19:33:19
📄 Script: 00_07_postgres.sh
═══════════════════════════════════════════
🔍 Verificando PostgreSQL...
📦 Instalando dependencias...
⚠️ Borrando base de datos existente: mydatabase
[7;30m✅ Base de datos y usuario listos.[0m

📅 Fecha de ejecución: 2025-08-11 22:26:42
📄 Script: 00_07_postgres.sh
═══════════════════════════════════════════
🔍 Verificando PostgreSQL...
📦 Instalando dependencias...
⚠️ Borrando base de datos existente: mydatabase
[7;30m✅ Base de datos y usuario listos.[0m

📅 Fecha de ejecución: 2025-08-11 22:33:07
📄 Script: 00_07_postgres.sh
═══════════════════════════════════════════
🔍 Verificando PostgreSQL...
📦 Instalando dependencias...
⚠️ Borrando base de datos existente: mydatabase
[7;30m✅ Base de datos y usuario listos.[0m

📅 Fecha de ejecución: 2025-08-12 01:12:07
📄 Script: 00_07_postgres.sh
═══════════════════════════════════════════
🔍 Verificando PostgreSQL...
📦 Instalando dependencias...
⚠️ Borrando base de datos existente: mydatabase
[7;30m✅ Base de datos y usuario listos.[0m

📅 Fecha de ejecución: 2025-08-12 01:19:03
📄 Script: 00_07_postgres.sh
═══════════════════════════════════════════
🔍 Verificando PostgreSQL...
📦 Instalando dependencias...
⚠️ Borrando base de datos existente: mydatabase
[7;30m✅ Base de datos y usuario listos.[0m

📅 Fecha de ejecución: 2025-08-12 01:26:43
📄 Script: 00_07_postgres.sh
═══════════════════════════════════════════
🔍 Verificando PostgreSQL...
📦 Instalando dependencias...
⚠️ Borrando base de datos existente: mydatabase
[7;30m✅ Base de datos y usuario listos.[0m

📅 Fecha de ejecución: 2025-08-12 01:32:56
📄 Script: 00_07_postgres.sh
═══════════════════════════════════════════
🔍 Verificando PostgreSQL...
📦 Instalando dependencias...
⚠️ Borrando base de datos existente: mydatabase
[7;30m✅ Base de datos y usuario listos.[0m

📅 Fecha de ejecución: 2025-08-12 13:43:56
📄 Script: 00_07_postgres.sh
═══════════════════════════════════════════
🔍 Verificando PostgreSQL...
📦 Instalando dependencias...
⚠️ Borrando base de datos existente: mydatabase
[7;30m✅ Base de datos y usuario listos.[0m

❌ Error en línea 156: "python manage.py migrate --skip-checks"
Abortando.

📅 Fecha de ejecución: 2025-08-12 13:45:20
📄 Script: 00_07_postgres.sh
═══════════════════════════════════════════
🔍 Verificando PostgreSQL...
📦 Instalando dependencias...
⚠️ Borrando base de datos existente: mydatabase
[7;30m✅ Base de datos y usuario listos.[0m

❌ Error en línea 156: "python manage.py migrate --skip-checks"
Abortando.

📅 Fecha de ejecución: 2025-08-12 14:01:55
📄 Script: 00_07_postgres.sh
═══════════════════════════════════════════
🔍 Verificando PostgreSQL...
📦 Instalando dependencias...
⚠️ Borrando base de datos existente: mydatabase
[7;30m✅ Base de datos y usuario listos.[0m

📅 Fecha de ejecución: 2025-08-12 14:08:48
📄 Script: 00_07_postgres.sh
═══════════════════════════════════════════
🔍 Verificando PostgreSQL...
📦 Instalando dependencias...
⚠️ Borrando base de datos existente: mydatabase
[7;30m✅ Base de datos y usuario listos.[0m

📅 Fecha de ejecución: 2025-08-12 16:49:50
📄 Script: 00_07_postgres.sh
═══════════════════════════════════════════
🔍 Verificando PostgreSQL...
📦 Instalando dependencias...
⚠️ Borrando base de datos existente: mydatabase
[7;30m✅ Base de datos y usuario listos.[0m

📅 Fecha de ejecución: 2025-08-12 16:56:31
📄 Script: 00_07_postgres.sh
═══════════════════════════════════════════
🔍 Verificando PostgreSQL...
📦 Instalando dependencias...
⚠️ Borrando base de datos existente: mydatabase
[7;30m✅ Base de datos y usuario listos.[0m

📅 Fecha de ejecución: 2025-08-12 19:12:58
📄 Script: 00_07_postgres.sh
═══════════════════════════════════════════
🔍 Verificando PostgreSQL...
📦 Instalando dependencias...
⚠️ Borrando base de datos existente: mydatabase
[7;30m✅ Base de datos y usuario listos.[0m

📅 Fecha de ejecución: 2025-08-12 19:18:53
📄 Script: 00_07_postgres.sh
═══════════════════════════════════════════
🔍 Verificando PostgreSQL...
📦 Instalando dependencias...
⚠️ Borrando base de datos existente: mydatabase
[7;30m✅ Base de datos y usuario listos.[0m

📅 Fecha de ejecución: 2025-08-12 19:33:35
📄 Script: 00_07_postgres.sh
═══════════════════════════════════════════
🔍 Verificando PostgreSQL...
📦 Instalando dependencias...
⚠️ Borrando base de datos existente: mydatabase
[7;30m✅ Base de datos y usuario listos.[0m

📅 Fecha de ejecución: 2025-08-12 19:42:07
📄 Script: 00_07_postgres.sh
═══════════════════════════════════════════
🔍 Verificando PostgreSQL...
📦 Instalando dependencias...
⚠️ Borrando base de datos existente: mydatabase
[7;30m✅ Base de datos y usuario listos.[0m

📅 Fecha de ejecución: 2025-08-13 02:46:14
📄 Script: 00_07_postgres.sh
═══════════════════════════════════════════
🔍 Verificando PostgreSQL...
📦 Instalando dependencias...
⚠️ Borrando base de datos existente: mydatabase
[7;30m✅ Base de datos y usuario listos.[0m

📅 Fecha de ejecución: 2025-08-13 00:58:09
📄 Script: 00_07_postgres.sh
═══════════════════════════════════════════
🔍 Verificando PostgreSQL...
📦 Instalando dependencias...
⚠️ Borrando base de datos existente: mydatabase
[7;30m✅ Base de datos y usuario listos.[0m

📅 Fecha de ejecución: 2025-08-13 01:09:27
📄 Script: 00_07_postgres.sh
═══════════════════════════════════════════
🔍 Verificando PostgreSQL...
📦 Instalando dependencias...
⚠️ Borrando base de datos existente: mydatabase
[7;30m✅ Base de datos y usuario listos.[0m

📅 Fecha de ejecución: 2025-08-13 01:16:57
📄 Script: 00_07_postgres.sh
═══════════════════════════════════════════
🔍 Verificando PostgreSQL...
📦 Instalando dependencias...
⚠️ Borrando base de datos existente: mydatabase
[7;30m✅ Base de datos y usuario listos.[0m

📅 Fecha de ejecución: 2025-08-13 02:05:30
📄 Script: 00_07_postgres.sh
═══════════════════════════════════════════
🔍 Verificando PostgreSQL...
📦 Instalando dependencias...
⚠️ Borrando base de datos existente: mydatabase
[7;30m✅ Base de datos y usuario listos.[0m

📅 Fecha de ejecución: 2025-08-13 02:12:10
📄 Script: 00_07_postgres.sh
═══════════════════════════════════════════
🔍 Verificando PostgreSQL...
📦 Instalando dependencias...
⚠️ Borrando base de datos existente: mydatabase
[7;30m✅ Base de datos y usuario listos.[0m

📅 Fecha de ejecución: 2025-08-13 02:24:24
📄 Script: 00_07_postgres.sh
═══════════════════════════════════════════
🔍 Verificando PostgreSQL...
📦 Instalando dependencias...
⚠️ Borrando base de datos existente: mydatabase
[7;30m✅ Base de datos y usuario listos.[0m

📅 Fecha de ejecución: 2025-08-13 02:31:46
📄 Script: 00_07_postgres.sh
═══════════════════════════════════════════
🔍 Verificando PostgreSQL...
📦 Instalando dependencias...
⚠️ Borrando base de datos existente: mydatabase
[7;30m✅ Base de datos y usuario listos.[0m

📅 Fecha de ejecución: 2025-08-13 13:13:34
📄 Script: 00_07_postgres.sh
═══════════════════════════════════════════
🔍 Verificando PostgreSQL...
📦 Instalando dependencias...
⚠️ Borrando base de datos existente: mydatabase
[7;30m✅ Base de datos y usuario listos.[0m

📅 Fecha de ejecución: 2025-08-13 13:31:10
📄 Script: 00_07_postgres.sh
═══════════════════════════════════════════
🔍 Verificando PostgreSQL...
📦 Instalando dependencias...
⚠️ Borrando base de datos existente: mydatabase
[7;30m✅ Base de datos y usuario listos.[0m

📅 Fecha de ejecución: 2025-08-13 13:52:04
📄 Script: 00_07_postgres.sh
═══════════════════════════════════════════
🔍 Verificando PostgreSQL...
📦 Instalando dependencias...
⚠️ Borrando base de datos existente: mydatabase
[7;30m✅ Base de datos y usuario listos.[0m

📅 Fecha de ejecución: 2025-08-13 13:58:51
📄 Script: 00_07_postgres.sh
═══════════════════════════════════════════
🔍 Verificando PostgreSQL...
📦 Instalando dependencias...
⚠️ Borrando base de datos existente: mydatabase
[7;30m✅ Base de datos y usuario listos.[0m

📅 Fecha de ejecución: 2025-08-13 14:50:49
📄 Script: 00_07_postgres.sh
═══════════════════════════════════════════
🔍 Verificando PostgreSQL...
📦 Instalando dependencias...
⚠️ Borrando base de datos existente: mydatabase
[7;30m✅ Base de datos y usuario listos.[0m

📅 Fecha de ejecución: 2025-08-13 15:25:20
📄 Script: 00_07_postgres.sh
═══════════════════════════════════════════
🔍 Verificando PostgreSQL...
📦 Instalando dependencias...
⚠️ Borrando base de datos existente: mydatabase
[7;30m✅ Base de datos y usuario listos.[0m

📅 Fecha de ejecución: 2025-08-13 15:33:34
📄 Script: 00_07_postgres.sh
═══════════════════════════════════════════
🔍 Verificando PostgreSQL...
📦 Instalando dependencias...
⚠️ Borrando base de datos existente: mydatabase
[7;30m✅ Base de datos y usuario listos.[0m

📅 Fecha de ejecución: 2025-08-13 16:00:59
📄 Script: 00_07_postgres.sh
═══════════════════════════════════════════
🔍 Verificando PostgreSQL...
📦 Instalando dependencias...
⚠️ Borrando base de datos existente: mydatabase
[7;30m✅ Base de datos y usuario listos.[0m

📅 Fecha de ejecución: 2025-08-13 16:11:54
📄 Script: 00_07_postgres.sh
═══════════════════════════════════════════
🔍 Verificando PostgreSQL...
📦 Instalando dependencias...
⚠️ Borrando base de datos existente: mydatabase
[7;30m✅ Base de datos y usuario listos.[0m

📅 Fecha de ejecución: 2025-08-13 23:37:18
📄 Script: 00_07_postgres.sh
═══════════════════════════════════════════
🔍 Verificando PostgreSQL...
📦 Instalando dependencias...
⚠️ Borrando base de datos existente: mydatabase
[7;30m✅ Base de datos y usuario listos.[0m

📅 Fecha de ejecución: 2025-08-13 23:43:43
📄 Script: 00_07_postgres.sh
═══════════════════════════════════════════
🔍 Verificando PostgreSQL...
📦 Instalando dependencias...
⚠️ Borrando base de datos existente: mydatabase
[7;30m✅ Base de datos y usuario listos.[0m

📅 Fecha de ejecución: 2025-08-14 01:19:14
📄 Script: 00_07_postgres.sh
═══════════════════════════════════════════
🔍 Verificando PostgreSQL...
📦 Instalando dependencias...
⚠️ Borrando base de datos existente: mydatabase
[7;30m✅ Base de datos y usuario listos.[0m

📅 Fecha de ejecución: 2025-08-14 01:29:02
📄 Script: 00_07_postgres.sh
═══════════════════════════════════════════
🔍 Verificando PostgreSQL...
📦 Instalando dependencias...
⚠️ Borrando base de datos existente: mydatabase
[7;30m✅ Base de datos y usuario listos.[0m

📅 Fecha de ejecución: 2025-08-14 01:36:30
📄 Script: 00_07_postgres.sh
═══════════════════════════════════════════
🔍 Verificando PostgreSQL...
📦 Instalando dependencias...
⚠️ Borrando base de datos existente: mydatabase
[7;30m✅ Base de datos y usuario listos.[0m

📅 Fecha de ejecución: 2025-08-14 15:01:27
📄 Script: 00_07_postgres.sh
═══════════════════════════════════════════
🔍 Verificando PostgreSQL...
📦 Instalando dependencias...
⚠️ Borrando base de datos existente: mydatabase
[7;30m✅ Base de datos y usuario listos.[0m

📅 Fecha de ejecución: 2025-08-14 15:10:01
📄 Script: 00_07_postgres.sh
═══════════════════════════════════════════
🔍 Verificando PostgreSQL...
📦 Instalando dependencias...
⚠️ Borrando base de datos existente: mydatabase
[7;30m✅ Base de datos y usuario listos.[0m

📅 Fecha de ejecución: 2025-08-14 15:18:02
📄 Script: 00_07_postgres.sh
═══════════════════════════════════════════
🔍 Verificando PostgreSQL...
📦 Instalando dependencias...
⚠️ Borrando base de datos existente: mydatabase
[7;30m✅ Base de datos y usuario listos.[0m

📅 Fecha de ejecución: 2025-08-14 15:26:43
📄 Script: 00_07_postgres.sh
═══════════════════════════════════════════
🔍 Verificando PostgreSQL...
📦 Instalando dependencias...
⚠️ Borrando base de datos existente: mydatabase
[7;30m✅ Base de datos y usuario listos.[0m

📅 Fecha de ejecución: 2025-08-14 15:36:27
📄 Script: 00_07_postgres.sh
═══════════════════════════════════════════
🔍 Verificando PostgreSQL...
📦 Instalando dependencias...
⚠️ Borrando base de datos existente: mydatabase
[7;30m✅ Base de datos y usuario listos.[0m

📅 Fecha de ejecución: 2025-08-14 15:47:51
📄 Script: 00_07_postgres.sh
═══════════════════════════════════════════
🔍 Verificando PostgreSQL...
📦 Instalando dependencias...
⚠️ Borrando base de datos existente: mydatabase
[7;30m✅ Base de datos y usuario listos.[0m

📅 Fecha de ejecución: 2025-08-14 16:41:52
📄 Script: 00_07_postgres.sh
═══════════════════════════════════════════
🔍 Verificando PostgreSQL...
📦 Instalando dependencias...
⚠️ Borrando base de datos existente: mydatabase
[7;30m✅ Base de datos y usuario listos.[0m

📅 Fecha de ejecución: 2025-08-14 16:49:00
📄 Script: 00_07_postgres.sh
═══════════════════════════════════════════
🔍 Verificando PostgreSQL...
📦 Instalando dependencias...
⚠️ Borrando base de datos existente: mydatabase
[7;30m✅ Base de datos y usuario listos.[0m

📅 Fecha de ejecución: 2025-08-14 18:54:50
📄 Script: 00_07_postgres.sh
═══════════════════════════════════════════
🔍 Verificando PostgreSQL...
📦 Instalando dependencias...
⚠️ Borrando base de datos existente: mydatabase
[7;30m✅ Base de datos y usuario listos.[0m

📅 Fecha de ejecución: 2025-08-14 19:04:57
📄 Script: 00_07_postgres.sh
═══════════════════════════════════════════
🔍 Verificando PostgreSQL...
📦 Instalando dependencias...
⚠️ Borrando base de datos existente: mydatabase
[7;30m✅ Base de datos y usuario listos.[0m

📅 Fecha de ejecución: 2025-08-14 19:21:17
📄 Script: 00_07_postgres.sh
═══════════════════════════════════════════
🔍 Verificando PostgreSQL...
📦 Instalando dependencias...
⚠️ Borrando base de datos existente: mydatabase
[7;30m✅ Base de datos y usuario listos.[0m

📅 Fecha de ejecución: 2025-08-14 19:25:28
📄 Script: 00_07_postgres.sh
═══════════════════════════════════════════
🔍 Verificando PostgreSQL...
📦 Instalando dependencias...
⚠️ Borrando base de datos existente: mydatabase
[7;30m✅ Base de datos y usuario listos.[0m

📅 Fecha de ejecución: 2025-08-14 19:33:25
📄 Script: 00_07_postgres.sh
═══════════════════════════════════════════
🔍 Verificando PostgreSQL...
📦 Instalando dependencias...
⚠️ Borrando base de datos existente: mydatabase
[7;30m✅ Base de datos y usuario listos.[0m

📅 Fecha de ejecución: 2025-08-14 20:27:32
📄 Script: 00_07_postgres.sh
═══════════════════════════════════════════
🔍 Verificando PostgreSQL...
📦 Instalando dependencias...
⚠️ Borrando base de datos existente: mydatabase
[7;30m✅ Base de datos y usuario listos.[0m

📅 Fecha de ejecución: 2025-08-14 20:34:12
📄 Script: 00_07_postgres.sh
═══════════════════════════════════════════
🔍 Verificando PostgreSQL...
📦 Instalando dependencias...
⚠️ Borrando base de datos existente: mydatabase
[7;30m✅ Base de datos y usuario listos.[0m

📅 Fecha de ejecución: 2025-08-14 20:44:58
📄 Script: 00_07_postgres.sh
═══════════════════════════════════════════
🔍 Verificando PostgreSQL...
📦 Instalando dependencias...
⚠️ Borrando base de datos existente: mydatabase
[7;30m✅ Base de datos y usuario listos.[0m

📅 Fecha de ejecución: 2025-08-14 20:58:06
📄 Script: 00_07_postgres.sh
═══════════════════════════════════════════
🔍 Verificando PostgreSQL...
📦 Instalando dependencias...
⚠️ Borrando base de datos existente: mydatabase
[7;30m✅ Base de datos y usuario listos.[0m

📅 Fecha de ejecución: 2025-08-14 21:04:45
📄 Script: 00_07_postgres.sh
═══════════════════════════════════════════
🔍 Verificando PostgreSQL...
📦 Instalando dependencias...
⚠️ Borrando base de datos existente: mydatabase
[7;30m✅ Base de datos y usuario listos.[0m

📅 Fecha de ejecución: 2025-08-14 21:19:51
📄 Script: 00_07_postgres.sh
═══════════════════════════════════════════
🔍 Verificando PostgreSQL...
📦 Instalando dependencias...
⚠️ Borrando base de datos existente: mydatabase
[7;30m✅ Base de datos y usuario listos.[0m

📅 Fecha de ejecución: 2025-08-14 21:26:11
📄 Script: 00_07_postgres.sh
═══════════════════════════════════════════
🔍 Verificando PostgreSQL...
📦 Instalando dependencias...
⚠️ Borrando base de datos existente: mydatabase
[7;30m✅ Base de datos y usuario listos.[0m

📅 Fecha de ejecución: 2025-08-14 22:01:07
📄 Script: 00_07_postgres.sh
═══════════════════════════════════════════
🔍 Verificando PostgreSQL...
📦 Instalando dependencias...
⚠️ Borrando base de datos existente: mydatabase
[7;30m✅ Base de datos y usuario listos.[0m

📅 Fecha de ejecución: 2025-08-14 22:08:08
📄 Script: 00_07_postgres.sh
═══════════════════════════════════════════
🔍 Verificando PostgreSQL...
📦 Instalando dependencias...
⚠️ Borrando base de datos existente: mydatabase
[7;30m✅ Base de datos y usuario listos.[0m

📅 Fecha de ejecución: 2025-08-14 23:51:38
📄 Script: 00_07_postgres.sh
═══════════════════════════════════════════
🔍 Verificando PostgreSQL...
📦 Instalando dependencias...
⚠️ Borrando base de datos existente: mydatabase
[7;30m✅ Base de datos y usuario listos.[0m

📅 Fecha de ejecución: 2025-08-15 00:18:19
📄 Script: 00_07_postgres.sh
═══════════════════════════════════════════
🔍 Verificando PostgreSQL...
📦 Instalando dependencias...
⚠️ Borrando base de datos existente: mydatabase
[7;30m✅ Base de datos y usuario listos.[0m

📅 Fecha de ejecución: 2025-08-15 00:24:52
📄 Script: 00_07_postgres.sh
═══════════════════════════════════════════
🔍 Verificando PostgreSQL...
📦 Instalando dependencias...
⚠️ Borrando base de datos existente: mydatabase
[7;30m✅ Base de datos y usuario listos.[0m

📅 Fecha de ejecución: 2025-08-15 19:23:44
📄 Script: 00_07_postgres.sh
═══════════════════════════════════════════
🔍 Verificando PostgreSQL...
📦 Instalando dependencias...
⚠️ Borrando base de datos existente: mydatabase
[7;30m✅ Base de datos y usuario listos.[0m

📅 Fecha de ejecución: 2025-08-15 19:26:24
📄 Script: 00_07_postgres.sh
═══════════════════════════════════════════
🔍 Verificando PostgreSQL...
📦 Instalando dependencias...
⚠️ Borrando base de datos existente: mydatabase
[7;30m✅ Base de datos y usuario listos.[0m

📅 Fecha de ejecución: 2025-08-15 19:35:01
📄 Script: 00_07_postgres.sh
═══════════════════════════════════════════
🔍 Verificando PostgreSQL...
📦 Instalando dependencias...
⚠️ Borrando base de datos existente: mydatabase
[7;30m✅ Base de datos y usuario listos.[0m

📅 Fecha de ejecución: 2025-08-15 19:37:04
📄 Script: 00_07_postgres.sh
═══════════════════════════════════════════
🔍 Verificando PostgreSQL...
📦 Instalando dependencias...

❌ Error en línea 68: "pip install -r "$BASE_DIR/requirements.txt""
Abortando.

📅 Fecha de ejecución: 2025-08-15 19:39:33
📄 Script: 00_07_postgres.sh
═══════════════════════════════════════════
🔍 Verificando PostgreSQL...
📦 Instalando dependencias...
⚠️ Borrando base de datos existente: mydatabase
[7;30m✅ Base de datos y usuario listos.[0m

📅 Fecha de ejecución: 2025-08-15 20:30:08
📄 Script: 00_07_postgres.sh
═══════════════════════════════════════════
🔍 Verificando PostgreSQL...
📦 Instalando dependencias...
⚠️ Borrando base de datos existente: mydatabase
[7;30m✅ Base de datos y usuario listos.[0m

📅 Fecha de ejecución: 2025-08-15 20:38:02
📄 Script: 00_07_postgres.sh
═══════════════════════════════════════════
🔍 Verificando PostgreSQL...
📦 Instalando dependencias...
⚠️ Borrando base de datos existente: mydatabase
[7;30m✅ Base de datos y usuario listos.[0m

📅 Fecha de ejecución: 2025-08-15 21:00:38
📄 Script: 00_07_postgres.sh
═══════════════════════════════════════════
🔍 Verificando PostgreSQL...
📦 Instalando dependencias...
⚠️ Borrando base de datos existente: mydatabase
[7;30m✅ Base de datos y usuario listos.[0m

📅 Fecha de ejecución: 2025-08-15 21:43:05
📄 Script: 00_07_postgres.sh
═══════════════════════════════════════════
🔍 Verificando PostgreSQL...
📦 Instalando dependencias...
⚠️ Borrando base de datos existente: mydatabase
[7;30m✅ Base de datos y usuario listos.[0m

📅 Fecha de ejecución: 2025-08-15 21:58:50
📄 Script: 00_07_postgres.sh
═══════════════════════════════════════════
🔍 Verificando PostgreSQL...
📦 Instalando dependencias...
⚠️ Borrando base de datos existente: mydatabase
[7;30m✅ Base de datos y usuario listos.[0m

📅 Fecha de ejecución: 2025-08-15 22:24:28
📄 Script: 00_07_postgres.sh
═══════════════════════════════════════════
🔍 Verificando PostgreSQL...
📦 Instalando dependencias...
⚠️ Borrando base de datos existente: mydatabase
[7;30m✅ Base de datos y usuario listos.[0m

📅 Fecha de ejecución: 2025-08-15 22:41:50
📄 Script: 00_07_postgres.sh
═══════════════════════════════════════════
🔍 Verificando PostgreSQL...
📦 Instalando dependencias...
⚠️ Borrando base de datos existente: mydatabase
[7;30m✅ Base de datos y usuario listos.[0m

📅 Fecha de ejecución: 2025-08-15 22:53:54
📄 Script: 00_07_postgres.sh
═══════════════════════════════════════════
🔍 Verificando PostgreSQL...
📦 Instalando dependencias...
⚠️ Borrando base de datos existente: mydatabase
[7;30m✅ Base de datos y usuario listos.[0m

📅 Fecha de ejecución: 2025-08-15 23:15:12
📄 Script: 00_07_postgres.sh
═══════════════════════════════════════════
🔍 Verificando PostgreSQL...
📦 Instalando dependencias...
⚠️ Borrando base de datos existente: mydatabase
[7;30m✅ Base de datos y usuario listos.[0m

📅 Fecha de ejecución: 2025-08-15 23:21:31
📄 Script: 00_07_postgres.sh
═══════════════════════════════════════════
🔍 Verificando PostgreSQL...
📦 Instalando dependencias...
⚠️ Borrando base de datos existente: mydatabase
[7;30m✅ Base de datos y usuario listos.[0m

📅 Fecha de ejecución: 2025-08-16 00:06:44
📄 Script: 00_07_postgres.sh
═══════════════════════════════════════════
🔍 Verificando PostgreSQL...
📦 Instalando dependencias...
⚠️ Borrando base de datos existente: mydatabase
[7;30m✅ Base de datos y usuario listos.[0m

📅 Fecha de ejecución: 2025-08-16 00:09:50
📄 Script: 00_07_postgres.sh
═══════════════════════════════════════════
🔍 Verificando PostgreSQL...
📦 Instalando dependencias...
⚠️ Borrando base de datos existente: mydatabase
[7;30m✅ Base de datos y usuario listos.[0m

📅 Fecha de ejecución: 2025-08-16 00:12:18
📄 Script: 00_07_postgres.sh
═══════════════════════════════════════════
🔍 Verificando PostgreSQL...
📦 Instalando dependencias...
⚠️ Borrando base de datos existente: mydatabase
[7;30m✅ Base de datos y usuario listos.[0m

📅 Fecha de ejecución: 2025-08-16 00:18:54
📄 Script: 00_07_postgres.sh
═══════════════════════════════════════════
🔍 Verificando PostgreSQL...
📦 Instalando dependencias...
⚠️ Borrando base de datos existente: mydatabase
[7;30m✅ Base de datos y usuario listos.[0m

📅 Fecha de ejecución: 2025-08-16 00:26:20
📄 Script: 00_07_postgres.sh
═══════════════════════════════════════════
🔍 Verificando PostgreSQL...
📦 Instalando dependencias...
⚠️ Borrando base de datos existente: mydatabase
[7;30m✅ Base de datos y usuario listos.[0m

📅 Fecha de ejecución: 2025-08-16 00:37:55
📄 Script: 00_07_postgres.sh
═══════════════════════════════════════════
🔍 Verificando PostgreSQL...
📦 Instalando dependencias...
⚠️ Borrando base de datos existente: mydatabase
[7;30m✅ Base de datos y usuario listos.[0m

📅 Fecha de ejecución: 2025-08-16 00:46:18
📄 Script: 00_07_postgres.sh
═══════════════════════════════════════════
🔍 Verificando PostgreSQL...
📦 Instalando dependencias...
⚠️ Borrando base de datos existente: mydatabase
[7;30m✅ Base de datos y usuario listos.[0m

📅 Fecha de ejecución: 2025-08-16 00:53:07
📄 Script: 00_07_postgres.sh
═══════════════════════════════════════════
🔍 Verificando PostgreSQL...
📦 Instalando dependencias...
⚠️ Borrando base de datos existente: mydatabase
[7;30m✅ Base de datos y usuario listos.[0m

📅 Fecha de ejecución: 2025-08-16 00:59:50
📄 Script: 00_07_postgres.sh
═══════════════════════════════════════════
🔍 Verificando PostgreSQL...
📦 Instalando dependencias...
⚠️ Borrando base de datos existente: mydatabase
[7;30m✅ Base de datos y usuario listos.[0m

📅 Fecha de ejecución: 2025-08-17 19:06:22
📄 Script: 00_07_postgres.sh
═══════════════════════════════════════════
🔍 Verificando PostgreSQL...
📦 Instalando dependencias...
⚠️ Borrando base de datos existente: mydatabase
[7;30m✅ Base de datos y usuario listos.[0m

📅 Fecha de ejecución: 2025-08-17 19:16:11
📄 Script: 00_07_postgres.sh
═══════════════════════════════════════════
🔍 Verificando PostgreSQL...
📦 Instalando dependencias...
⚠️ Borrando base de datos existente: mydatabase
[7;30m✅ Base de datos y usuario listos.[0m

📅 Fecha de ejecución: 2025-08-17 19:28:56
📄 Script: 00_07_postgres.sh
═══════════════════════════════════════════
🔍 Verificando PostgreSQL...
📦 Instalando dependencias...
⚠️ Borrando base de datos existente: mydatabase
[7;30m✅ Base de datos y usuario listos.[0m

📅 Fecha de ejecución: 2025-08-17 19:35:57
📄 Script: 00_07_postgres.sh
═══════════════════════════════════════════
🔍 Verificando PostgreSQL...
📦 Instalando dependencias...
⚠️ Borrando base de datos existente: mydatabase
[7;30m✅ Base de datos y usuario listos.[0m

📅 Fecha de ejecución: 2025-08-17 20:22:56
📄 Script: 00_07_postgres.sh
═══════════════════════════════════════════
🔍 Verificando PostgreSQL...
📦 Instalando dependencias...
⚠️ Borrando base de datos existente: mydatabase
[7;30m✅ Base de datos y usuario listos.[0m

📅 Fecha de ejecución: 2025-08-17 20:31:10
📄 Script: 00_07_postgres.sh
═══════════════════════════════════════════
🔍 Verificando PostgreSQL...
📦 Instalando dependencias...
⚠️ Borrando base de datos existente: mydatabase
[7;30m✅ Base de datos y usuario listos.[0m

📅 Fecha de ejecución: 2025-08-17 22:17:08
📄 Script: 00_07_postgres.sh
═══════════════════════════════════════════
🔍 Verificando PostgreSQL...
📦 Instalando dependencias...
⚠️ Borrando base de datos existente: mydatabase
[7;30m✅ Base de datos y usuario listos.[0m

📅 Fecha de ejecución: 2025-08-17 22:26:26
📄 Script: 00_07_postgres.sh
═══════════════════════════════════════════
🔍 Verificando PostgreSQL...
📦 Instalando dependencias...
⚠️ Borrando base de datos existente: mydatabase
[7;30m✅ Base de datos y usuario listos.[0m

📅 Fecha de ejecución: 2025-08-17 22:32:45
📄 Script: 00_07_postgres.sh
═══════════════════════════════════════════
🔍 Verificando PostgreSQL...
📦 Instalando dependencias...
⚠️ Borrando base de datos existente: mydatabase
[7;30m✅ Base de datos y usuario listos.[0m

📅 Fecha de ejecución: 2025-08-17 22:54:30
📄 Script: 00_07_postgres.sh
═══════════════════════════════════════════
🔍 Verificando PostgreSQL...
📦 Instalando dependencias...
⚠️ Borrando base de datos existente: mydatabase
[7;30m✅ Base de datos y usuario listos.[0m

📅 Fecha de ejecución: 2025-08-17 23:01:12
📄 Script: 00_07_postgres.sh
═══════════════════════════════════════════
🔍 Verificando PostgreSQL...
📦 Instalando dependencias...
⚠️ Borrando base de datos existente: mydatabase
[7;30m✅ Base de datos y usuario listos.[0m

📅 Fecha de ejecución: 2025-08-18 18:53:06
📄 Script: 00_07_postgres.sh
═══════════════════════════════════════════
🔍 Verificando PostgreSQL...
📦 Instalando dependencias...
⚠️ Borrando base de datos existente: mydatabase
[7;30m✅ Base de datos y usuario listos.[0m

📅 Fecha de ejecución: 2025-08-18 18:59:54
📄 Script: 00_07_postgres.sh
═══════════════════════════════════════════
🔍 Verificando PostgreSQL...
📦 Instalando dependencias...
⚠️ Borrando base de datos existente: mydatabase
[7;30m✅ Base de datos y usuario listos.[0m

📅 Fecha de ejecución: 2025-08-18 19:07:25
📄 Script: 00_07_postgres.sh
═══════════════════════════════════════════
🔍 Verificando PostgreSQL...
📦 Instalando dependencias...
⚠️ Borrando base de datos existente: mydatabase
[7;30m✅ Base de datos y usuario listos.[0m

📅 Fecha de ejecución: 2025-08-18 19:14:02
📄 Script: 00_07_postgres.sh
═══════════════════════════════════════════
🔍 Verificando PostgreSQL...
📦 Instalando dependencias...
⚠️ Borrando base de datos existente: mydatabase
[7;30m✅ Base de datos y usuario listos.[0m

📅 Fecha de ejecución: 2025-08-18 20:30:04
📄 Script: 00_07_postgres.sh
═══════════════════════════════════════════
🔍 Verificando PostgreSQL...
📦 Instalando dependencias...
⚠️ Borrando base de datos existente: mydatabase
[7;30m✅ Base de datos y usuario listos.[0m

📅 Fecha de ejecución: 2025-08-18 20:39:25
📄 Script: 00_07_postgres.sh
═══════════════════════════════════════════
🔍 Verificando PostgreSQL...
📦 Instalando dependencias...
⚠️ Borrando base de datos existente: mydatabase
[7;30m✅ Base de datos y usuario listos.[0m

📅 Fecha de ejecución: 2025-08-18 20:45:24
📄 Script: 00_07_postgres.sh
═══════════════════════════════════════════
🔍 Verificando PostgreSQL...
📦 Instalando dependencias...
⚠️ Borrando base de datos existente: mydatabase
[7;30m✅ Base de datos y usuario listos.[0m

📅 Fecha de ejecución: 2025-08-18 20:56:04
📄 Script: 00_07_postgres.sh
═══════════════════════════════════════════
🔍 Verificando PostgreSQL...
📦 Instalando dependencias...
⚠️ Borrando base de datos existente: mydatabase
[7;30m✅ Base de datos y usuario listos.[0m

📅 Fecha de ejecución: 2025-08-18 21:08:23
📄 Script: 00_07_postgres.sh
═══════════════════════════════════════════
🔍 Verificando PostgreSQL...
📦 Instalando dependencias...
⚠️ Borrando base de datos existente: mydatabase
[7;30m✅ Base de datos y usuario listos.[0m

📅 Fecha de ejecución: 2025-08-18 21:18:00
📄 Script: 00_07_postgres.sh
═══════════════════════════════════════════
🔍 Verificando PostgreSQL...
📦 Instalando dependencias...
⚠️ Borrando base de datos existente: mydatabase
[7;30m✅ Base de datos y usuario listos.[0m

📅 Fecha de ejecución: 2025-08-18 21:24:24
📄 Script: 00_07_postgres.sh
═══════════════════════════════════════════
🔍 Verificando PostgreSQL...
📦 Instalando dependencias...
⚠️ Borrando base de datos existente: mydatabase
[7;30m✅ Base de datos y usuario listos.[0m

📅 Fecha de ejecución: 2025-08-18 22:02:01
📄 Script: 00_07_postgres.sh
═══════════════════════════════════════════
🔍 Verificando PostgreSQL...
📦 Instalando dependencias...
⚠️ Borrando base de datos existente: mydatabase
[7;30m✅ Base de datos y usuario listos.[0m

📅 Fecha de ejecución: 2025-08-18 22:07:54
📄 Script: 00_07_postgres.sh
═══════════════════════════════════════════
🔍 Verificando PostgreSQL...
📦 Instalando dependencias...
⚠️ Borrando base de datos existente: mydatabase
[7;30m✅ Base de datos y usuario listos.[0m

📅 Fecha de ejecución: 2025-08-18 22:36:41
📄 Script: 00_07_postgres.sh
═══════════════════════════════════════════
🔍 Verificando PostgreSQL...
📦 Instalando dependencias...
⚠️ Borrando base de datos existente: mydatabase
[7;30m✅ Base de datos y usuario listos.[0m

📅 Fecha de ejecución: 2025-08-18 22:44:32
📄 Script: 00_07_postgres.sh
═══════════════════════════════════════════
🔍 Verificando PostgreSQL...
📦 Instalando dependencias...
⚠️ Borrando base de datos existente: mydatabase
[7;30m✅ Base de datos y usuario listos.[0m

📅 Fecha de ejecución: 2025-08-18 22:54:50
📄 Script: 00_07_postgres.sh
═══════════════════════════════════════════
🔍 Verificando PostgreSQL...
📦 Instalando dependencias...
⚠️ Borrando base de datos existente: mydatabase
[7;30m✅ Base de datos y usuario listos.[0m

📅 Fecha de ejecución: 2025-08-18 23:01:01
📄 Script: 00_07_postgres.sh
═══════════════════════════════════════════
🔍 Verificando PostgreSQL...
📦 Instalando dependencias...
⚠️ Borrando base de datos existente: mydatabase
[7;30m✅ Base de datos y usuario listos.[0m

📅 Fecha de ejecución: 2025-08-18 23:19:52
📄 Script: 00_07_postgres.sh
═══════════════════════════════════════════
🔍 Verificando PostgreSQL...
📦 Instalando dependencias...
⚠️ Borrando base de datos existente: mydatabase
[7;30m✅ Base de datos y usuario listos.[0m

📅 Fecha de ejecución: 2025-08-18 23:26:51
📄 Script: 00_07_postgres.sh
═══════════════════════════════════════════
🔍 Verificando PostgreSQL...
📦 Instalando dependencias...
⚠️ Borrando base de datos existente: mydatabase
[7;30m✅ Base de datos y usuario listos.[0m

📅 Fecha de ejecución: 2025-08-18 23:34:20
📄 Script: 00_07_postgres.sh
═══════════════════════════════════════════
🔍 Verificando PostgreSQL...
📦 Instalando dependencias...
⚠️ Borrando base de datos existente: mydatabase
[7;30m✅ Base de datos y usuario listos.[0m

📅 Fecha de ejecución: 2025-08-18 23:41:23
📄 Script: 00_07_postgres.sh
═══════════════════════════════════════════
🔍 Verificando PostgreSQL...
📦 Instalando dependencias...
⚠️ Borrando base de datos existente: mydatabase
[7;30m✅ Base de datos y usuario listos.[0m

📅 Fecha de ejecución: 2025-08-19 00:05:01
📄 Script: 00_07_postgres.sh
═══════════════════════════════════════════
🔍 Verificando PostgreSQL...
📦 Instalando dependencias...
⚠️ Borrando base de datos existente: mydatabase
[7;30m✅ Base de datos y usuario listos.[0m

📅 Fecha de ejecución: 2025-08-19 00:11:45
📄 Script: 00_07_postgres.sh
═══════════════════════════════════════════
🔍 Verificando PostgreSQL...
📦 Instalando dependencias...
⚠️ Borrando base de datos existente: mydatabase
[7;30m✅ Base de datos y usuario listos.[0m

📅 Fecha de ejecución: 2025-08-19 01:30:57
📄 Script: 00_07_postgres.sh
═══════════════════════════════════════════
🔍 Verificando PostgreSQL...
📦 Instalando dependencias...
⚠️ Borrando base de datos existente: mydatabase
[7;30m✅ Base de datos y usuario listos.[0m

📅 Fecha de ejecución: 2025-08-19 01:37:56
📄 Script: 00_07_postgres.sh
═══════════════════════════════════════════
🔍 Verificando PostgreSQL...
📦 Instalando dependencias...
⚠️ Borrando base de datos existente: mydatabase
[7;30m✅ Base de datos y usuario listos.[0m

📅 Fecha de ejecución: 2025-08-19 01:54:35
📄 Script: 00_07_postgres.sh
═══════════════════════════════════════════
🔍 Verificando PostgreSQL...
📦 Instalando dependencias...
⚠️ Borrando base de datos existente: mydatabase
[7;30m✅ Base de datos y usuario listos.[0m

📅 Fecha de ejecución: 2025-08-19 02:02:01
📄 Script: 00_07_postgres.sh
═══════════════════════════════════════════
🔍 Verificando PostgreSQL...
📦 Instalando dependencias...
⚠️ Borrando base de datos existente: mydatabase
[7;30m✅ Base de datos y usuario listos.[0m

📅 Fecha de ejecución: 2025-08-19 12:54:09
📄 Script: 00_07_postgres.sh
═══════════════════════════════════════════
🔍 Verificando PostgreSQL...
📦 Instalando dependencias...
⚠️ Borrando base de datos existente: mydatabase
[7;30m✅ Base de datos y usuario listos.[0m

📅 Fecha de ejecución: 2025-08-19 13:12:21
📄 Script: 00_07_postgres.sh
═══════════════════════════════════════════
🔍 Verificando PostgreSQL...
📦 Instalando dependencias...
⚠️ Borrando base de datos existente: mydatabase
[7;30m✅ Base de datos y usuario listos.[0m

📅 Fecha de ejecución: 2025-08-19 23:57:22
📄 Script: 00_07_postgres.sh
═══════════════════════════════════════════
🔍 Verificando PostgreSQL...
📦 Instalando dependencias...
⚠️ Borrando base de datos existente: mydatabase
[7;30m✅ Base de datos y usuario listos.[0m

❌ Error en línea 156: "python manage.py migrate --skip-checks"
Abortando.

📅 Fecha de ejecución: 2025-08-20 00:00:05
📄 Script: 00_07_postgres.sh
═══════════════════════════════════════════
🔍 Verificando PostgreSQL...
📦 Instalando dependencias...
⚠️ Borrando base de datos existente: mydatabase
[7;30m✅ Base de datos y usuario listos.[0m

📅 Fecha de ejecución: 2025-08-20 00:07:56
📄 Script: 00_07_postgres.sh
═══════════════════════════════════════════
🔍 Verificando PostgreSQL...
📦 Instalando dependencias...
⚠️ Borrando base de datos existente: mydatabase
[7;30m✅ Base de datos y usuario listos.[0m

📅 Fecha de ejecución: 2025-08-20 00:23:58
📄 Script: 00_07_postgres.sh
═══════════════════════════════════════════
🔍 Verificando PostgreSQL...
📦 Instalando dependencias...
⚠️ Borrando base de datos existente: mydatabase
[7;30m✅ Base de datos y usuario listos.[0m

📅 Fecha de ejecución: 2025-08-20 00:31:23
📄 Script: 00_07_postgres.sh
═══════════════════════════════════════════
🔍 Verificando PostgreSQL...
📦 Instalando dependencias...
⚠️ Borrando base de datos existente: mydatabase
[7;30m✅ Base de datos y usuario listos.[0m

📅 Fecha de ejecución: 2025-08-20 01:33:52
📄 Script: 00_07_postgres.sh
═══════════════════════════════════════════
🔍 Verificando PostgreSQL...
📦 Instalando dependencias...
⚠️ Borrando base de datos existente: mydatabase
[7;30m✅ Base de datos y usuario listos.[0m

📅 Fecha de ejecución: 2025-08-20 01:40:07
📄 Script: 00_07_postgres.sh
═══════════════════════════════════════════
🔍 Verificando PostgreSQL...
📦 Instalando dependencias...
⚠️ Borrando base de datos existente: mydatabase
[7;30m✅ Base de datos y usuario listos.[0m

📅 Fecha de ejecución: 2025-08-20 02:01:58
📄 Script: 00_07_postgres.sh
═══════════════════════════════════════════
🔍 Verificando PostgreSQL...
📦 Instalando dependencias...
⚠️ Borrando base de datos existente: mydatabase
[7;30m✅ Base de datos y usuario listos.[0m

📅 Fecha de ejecución: 2025-08-20 02:09:32
📄 Script: 00_07_postgres.sh
═══════════════════════════════════════════
🔍 Verificando PostgreSQL...
📦 Instalando dependencias...
⚠️ Borrando base de datos existente: mydatabase
[7;30m✅ Base de datos y usuario listos.[0m

📅 Fecha de ejecución: 2025-08-20 02:16:51
📄 Script: 00_07_postgres.sh
═══════════════════════════════════════════
🔍 Verificando PostgreSQL...
📦 Instalando dependencias...
⚠️ Borrando base de datos existente: mydatabase
[7;30m✅ Base de datos y usuario listos.[0m

📅 Fecha de ejecución: 2025-08-20 02:25:01
📄 Script: 00_07_postgres.sh
═══════════════════════════════════════════
🔍 Verificando PostgreSQL...
📦 Instalando dependencias...
⚠️ Borrando base de datos existente: mydatabase
[7;30m✅ Base de datos y usuario listos.[0m

📅 Fecha de ejecución: 2025-08-20 12:06:37
📄 Script: 00_07_postgres.sh
═══════════════════════════════════════════
🔍 Verificando PostgreSQL...
📦 Instalando dependencias...
⚠️ Borrando base de datos existente: mydatabase
[7;30m✅ Base de datos y usuario listos.[0m

📅 Fecha de ejecución: 2025-08-20 12:12:45
📄 Script: 00_07_postgres.sh
═══════════════════════════════════════════
🔍 Verificando PostgreSQL...
📦 Instalando dependencias...
⚠️ Borrando base de datos existente: mydatabase
[7;30m✅ Base de datos y usuario listos.[0m

📅 Fecha de ejecución: 2025-08-20 12:53:15
📄 Script: 00_07_postgres.sh
═══════════════════════════════════════════
🔍 Verificando PostgreSQL...
📦 Instalando dependencias...
⚠️ Borrando base de datos existente: mydatabase
[7;30m✅ Base de datos y usuario listos.[0m

📅 Fecha de ejecución: 2025-08-20 13:02:39
📄 Script: 00_07_postgres.sh
═══════════════════════════════════════════
🔍 Verificando PostgreSQL...
📦 Instalando dependencias...
⚠️ Borrando base de datos existente: mydatabase
[7;30m✅ Base de datos y usuario listos.[0m

📅 Fecha de ejecución: 2025-08-20 13:38:40
📄 Script: 00_07_postgres.sh
═══════════════════════════════════════════
🔍 Verificando PostgreSQL...
📦 Instalando dependencias...
⚠️ Borrando base de datos existente: mydatabase
[7;30m✅ Base de datos y usuario listos.[0m

📅 Fecha de ejecución: 2025-08-20 13:47:05
📄 Script: 00_07_postgres.sh
═══════════════════════════════════════════
🔍 Verificando PostgreSQL...
📦 Instalando dependencias...
⚠️ Borrando base de datos existente: mydatabase
[7;30m✅ Base de datos y usuario listos.[0m

📅 Fecha de ejecución: 2025-08-20 14:24:16
📄 Script: 00_07_postgres.sh
═══════════════════════════════════════════
🔍 Verificando PostgreSQL...
📦 Instalando dependencias...
⚠️ Borrando base de datos existente: mydatabase
[7;30m✅ Base de datos y usuario listos.[0m

📅 Fecha de ejecución: 2025-08-20 14:31:20
📄 Script: 00_07_postgres.sh
═══════════════════════════════════════════
🔍 Verificando PostgreSQL...
📦 Instalando dependencias...
⚠️ Borrando base de datos existente: mydatabase
[7;30m✅ Base de datos y usuario listos.[0m

📅 Fecha de ejecución: 2025-08-20 15:25:25
📄 Script: 00_07_postgres.sh
═══════════════════════════════════════════
🔍 Verificando PostgreSQL...
📦 Instalando dependencias...
⚠️ Borrando base de datos existente: mydatabase
[7;30m✅ Base de datos y usuario listos.[0m

📅 Fecha de ejecución: 2025-08-20 15:32:58
📄 Script: 00_07_postgres.sh
═══════════════════════════════════════════
🔍 Verificando PostgreSQL...
📦 Instalando dependencias...
⚠️ Borrando base de datos existente: mydatabase
[7;30m✅ Base de datos y usuario listos.[0m

📅 Fecha de ejecución: 2025-08-20 16:57:47
📄 Script: 00_07_postgres.sh
═══════════════════════════════════════════
🔍 Verificando PostgreSQL...
📦 Instalando dependencias...
⚠️ Borrando base de datos existente: mydatabase
[7;30m✅ Base de datos y usuario listos.[0m

📅 Fecha de ejecución: 2025-08-20 17:03:43
📄 Script: 00_07_postgres.sh
═══════════════════════════════════════════
🔍 Verificando PostgreSQL...
📦 Instalando dependencias...
⚠️ Borrando base de datos existente: mydatabase
[7;30m✅ Base de datos y usuario listos.[0m

📅 Fecha de ejecución: 2025-08-20 18:42:36
📄 Script: 00_07_postgres.sh
═══════════════════════════════════════════
🔍 Verificando PostgreSQL...
📦 Instalando dependencias...
⚠️ Borrando base de datos existente: mydatabase
[7;30m✅ Base de datos y usuario listos.[0m

📅 Fecha de ejecución: 2025-08-20 18:50:43
📄 Script: 00_07_postgres.sh
═══════════════════════════════════════════
🔍 Verificando PostgreSQL...
📦 Instalando dependencias...
⚠️ Borrando base de datos existente: mydatabase
[7;30m✅ Base de datos y usuario listos.[0m

📅 Fecha de ejecución: 2025-08-20 22:45:30
📄 Script: 00_07_postgres.sh
═══════════════════════════════════════════
🔍 Verificando PostgreSQL...
📦 Instalando dependencias...
⚠️ Borrando base de datos existente: mydatabase
[7;30m✅ Base de datos y usuario listos.[0m

❌ Error en línea 156: "python manage.py migrate --skip-checks"
Abortando.

📅 Fecha de ejecución: 2025-08-20 22:48:49
📄 Script: 00_07_postgres.sh
═══════════════════════════════════════════
🔍 Verificando PostgreSQL...
📦 Instalando dependencias...
⚠️ Borrando base de datos existente: mydatabase
[7;30m✅ Base de datos y usuario listos.[0m

❌ Error en línea 156: "python manage.py migrate --skip-checks"
Abortando.

📅 Fecha de ejecución: 2025-08-20 22:54:20
📄 Script: 00_07_postgres.sh
═══════════════════════════════════════════
🔍 Verificando PostgreSQL...
📦 Instalando dependencias...
⚠️ Borrando base de datos existente: mydatabase
[7;30m✅ Base de datos y usuario listos.[0m

❌ Error en línea 156: "python manage.py migrate --skip-checks"
Abortando.

📅 Fecha de ejecución: 2025-08-20 22:59:38
📄 Script: 00_07_postgres.sh
═══════════════════════════════════════════
🔍 Verificando PostgreSQL...
📦 Instalando dependencias...
⚠️ Borrando base de datos existente: mydatabase
[7;30m✅ Base de datos y usuario listos.[0m

❌ Error en línea 156: "python manage.py migrate --skip-checks"
Abortando.

📅 Fecha de ejecución: 2025-08-20 23:06:19
📄 Script: 00_07_postgres.sh
═══════════════════════════════════════════
🔍 Verificando PostgreSQL...
📦 Instalando dependencias...
⚠️ Borrando base de datos existente: mydatabase
[7;30m✅ Base de datos y usuario listos.[0m

❌ Error en línea 156: "python manage.py migrate --skip-checks"
Abortando.

📅 Fecha de ejecución: 2025-08-20 23:09:50
📄 Script: 00_07_postgres.sh
═══════════════════════════════════════════
🔍 Verificando PostgreSQL...
📦 Instalando dependencias...
⚠️ Borrando base de datos existente: mydatabase
[7;30m✅ Base de datos y usuario listos.[0m

❌ Error en línea 156: "python manage.py migrate --skip-checks"
Abortando.

📅 Fecha de ejecución: 2025-08-20 23:13:06
📄 Script: 00_07_postgres.sh
═══════════════════════════════════════════
🔍 Verificando PostgreSQL...
📦 Instalando dependencias...
⚠️ Borrando base de datos existente: mydatabase
[7;30m✅ Base de datos y usuario listos.[0m

📅 Fecha de ejecución: 2025-08-20 23:16:17
📄 Script: 00_07_postgres.sh
═══════════════════════════════════════════
🔍 Verificando PostgreSQL...
📦 Instalando dependencias...
⚠️ Borrando base de datos existente: mydatabase
[7;30m✅ Base de datos y usuario listos.[0m

📅 Fecha de ejecución: 2025-08-20 23:23:44
📄 Script: 00_07_postgres.sh
═══════════════════════════════════════════
🔍 Verificando PostgreSQL...
📦 Instalando dependencias...
⚠️ Borrando base de datos existente: mydatabase
[7;30m✅ Base de datos y usuario listos.[0m

📅 Fecha de ejecución: 2025-08-20 23:31:44
📄 Script: 00_07_postgres.sh
═══════════════════════════════════════════
🔍 Verificando PostgreSQL...
📦 Instalando dependencias...
⚠️ Borrando base de datos existente: mydatabase
[7;30m✅ Base de datos y usuario listos.[0m

📅 Fecha de ejecución: 2025-08-20 23:37:39
📄 Script: 00_07_postgres.sh
═══════════════════════════════════════════
🔍 Verificando PostgreSQL...
📦 Instalando dependencias...
⚠️ Borrando base de datos existente: mydatabase
[7;30m✅ Base de datos y usuario listos.[0m

📅 Fecha de ejecución: 2025-08-21 01:33:14
📄 Script: 00_07_postgres.sh
═══════════════════════════════════════════
🔍 Verificando PostgreSQL...
📦 Instalando dependencias...
⚠️ Borrando base de datos existente: mydatabase
[7;30m✅ Base de datos y usuario listos.[0m

📅 Fecha de ejecución: 2025-08-21 01:39:02
📄 Script: 00_07_postgres.sh
═══════════════════════════════════════════
🔍 Verificando PostgreSQL...
📦 Instalando dependencias...
⚠️ Borrando base de datos existente: mydatabase
[7;30m✅ Base de datos y usuario listos.[0m
